id,TK,SeebeckuVK,kappaZT,Resist.400K,Seebeck400K,PfWK2m,ZT,kappaWmK,CellVolumeA3,FormulaUnitsperCell
0,578.58,-41.84,0.41,23.73,-50.67,0.00,0.20,4.22,452.18,4.08
1,300,-462.97,1.29E-04,50,-462.97,4.29E-07,0.20,4.22,206.97,4
2,400,-462.97,1.71E-04,50,-462.97,4.29E-07,0.20,4.22,206.97,4
3,700,-470.65,6.41E-03,50,-462.97,9.16E-06,0.20,4.22,206.97,4
4,1000,-279.83,4.41E-02,50,-462.97,4.41E-05,0.20,4.22,206.97,4
5,300,-201.71,2.65E-02,0.046115,-201.71,8.82E-05,0.20,4.22,207.74,4
6,400,-201.71,3.53E-02,0.046115,-201.71,8.82E-05,0.20,4.22,207.74,4
7,700,-224.12,5.41E-02,0.046115,-201.71,7.72E-05,0.20,4.22,207.74,4
8,1000,-190.18,8.80E-02,0.046115,-201.71,8.80E-05,0.20,4.22,207.74,4
9,300,-123.59,3.00E-02,0.015256,-123.59,1.00E-04,0.20,4.22,208.49,4
10,400,-123.59,4.00E-02,0.015256,-123.59,1.00E-04,0.20,4.22,208.49,4
11,700,-173.53,9.72E-02,0.015256,-123.59,1.39E-04,0.20,4.22,208.49,4
12,1000,-160.09,1.15E-01,0.015256,-123.59,1.15E-04,0.20,4.22,208.49,4
13,300,-103.74,2.65E-02,0.012167,-103.74,8.84E-05,0.20,4.22,209.24,4
14,400,-103.74,3.54E-02,0.012167,-103.74,8.84E-05,0.20,4.22,209.24,4
15,700,-127.43,6.68E-02,0.012167,-103.74,9.54E-05,0.20,4.22,209.24,4
16,1000,-135.75,9.78E-02,0.012167,-103.74,9.78E-05,0.20,4.22,209.24,4
17,300,-83.24,2.09E-02,0.009966,-83.24,6.95E-05,0.20,4.22,209.93,4
18,400,-83.24,2.78E-02,0.009966,-83.24,6.95E-05,0.20,4.22,209.93,4
19,700,-118.46,7.21E-02,0.009966,-83.24,1.03E-04,0.20,4.22,209.93,4
20,1000,-140.88,1.26E-01,0.009966,-83.24,1.26E-04,0.20,4.22,209.93,4
21,700,483.47,1.07E-04,23.73,-50.67,1.53E-07,0.20,4.22,72.93,4
22,1000,642.62,2.82E-03,23.73,-50.67,2.82E-06,0.20,4.22,72.93,4
23,400,294.97,1.21E-04,28.867694,294.97,3.01E-07,7.46E-06,16.1715,72.93,4
24,700,249.75,1.66E-02,28.867694,294.97,2.37E-05,0.001458067,11.391,72.93,4
25,1000,262.41,1.48E-01,28.867694,294.97,1.48E-04,0.017497599,8.44401,72.93,4
26,400,249.37,4.89E-04,5.08647,249.37,1.22E-06,5.87E-05,8.32761,72.93,4
27,700,200.39,8.89E-02,5.08647,249.37,1.27E-04,0.014790072,6.0105,72.93,4
28,1000,206.66,1.50E-01,5.08647,249.37,1.50E-04,0.02826674,5.30518,72.93,4
29,400,116.91,8.51E-03,0.064272,116.91,2.13E-05,0.20,4.22,72.93,4
30,700,97.88,3.39E-02,0.064272,116.91,4.84E-05,0.20,4.22,72.93,4
31,1000,105.17,1.66E-01,0.064272,116.91,1.66E-04,0.20,4.22,72.93,4
32,400,102.59,3.41E-02,0.012343,102.59,8.53E-05,0.009093419,3.75078,72.93,4
33,700,77.37,8.61E-02,0.012343,102.59,1.23E-04,0.024636562,3.49599,72.93,4
34,1000,79.49,1.63E-01,0.012343,102.59,1.63E-04,0.063968983,2.54979,72.93,4
35,300,-572.04,1.96E-03,2.925075,-549.12,6.53E-06,0.20,4.22,206.97,4
36,400,-549.12,4.12E-03,2.925075,-549.12,1.03E-05,0.001247231,3.30607,206.97,4
37,700,-477.48,2.48E-02,2.925075,-549.12,3.54E-05,0.012122034,2.04673,206.97,4
38,1000,-406.81,1.50E-01,2.925075,-549.12,1.50E-04,0.089158798,1.67874,206.97,4
39,300,-100.04,1.48E-02,0.021537,-119.21,4.92E-05,0.005877928,2.51281,206.97,4
40,400,-119.21,2.64E-02,0.021537,-119.21,6.60E-05,0.011603063,2.27454,206.97,4
41,700,-184.31,9.18E-02,0.021537,-119.21,1.31E-04,0.048845628,1.87848,206.97,4
42,1000,-205.16,1.58E-01,0.021537,-119.21,1.58E-04,0.091024352,1.73598,206.97,4
43,300,-91.19,2.81E-02,0.009824,-114.15,9.38E-05,0.012410311,2.2675,206.97,4
44,400,-114.15,5.31E-02,0.009824,-114.15,1.33E-04,0.024563669,2.16005,206.97,4
45,700,-164.08,1.51E-01,0.009824,-114.15,2.15E-04,0.080246985,1.8785,206.97,4
46,1000,-172.3,2.04E-01,0.009824,-114.15,2.04E-04,0.120991889,1.6869,206.97,4
47,300,-72.23,2.14E-02,0.007258,-72.44,7.12E-05,0.20,4.22,206.97,4
48,400,-72.44,2.89E-02,0.007258,-72.44,7.23E-05,0.20,4.22,206.97,4
49,700,-80.65,5.97E-02,0.007258,-72.44,8.52E-05,0.20,4.22,206.97,4
50,1000,-92.67,1.03E-01,0.007258,-72.44,1.03E-04,0.20,4.22,206.97,4
51,300,-180,4.86E-02,0.0215409,-203.88,1.62E-04,0.01944,2.5,208.21,4
52,400,-203.88,7.72E-02,0.021541,-203.88,1.93E-04,0.03719487,2.07513,208.21,4
53,700,-234.57,1.36E-01,0.021541,-203.88,1.94E-04,0.083293437,1.63069,208.21,4
54,1000,-248.22,2.00E-01,0.021541,-203.88,2.00E-04,0.144503757,1.38075,208.21,4
55,400,-153.66,5.14E-02,0.01837,-153.66,1.29E-04,0.20,4.22,208.21,4
56,700,-195.78,1.11E-01,0.018366,-153.66,1.59E-04,0.20,4.22,208.21,4
57,1000,-213.72,1.63E-01,0.018366,-153.66,1.63E-04,0.20,4.22,208.21,4
58,400,-119.99,7.66E-02,0.007521,-119.99,1.91E-04,0.020374273,3.75786,208.21,4
59,700,-137.22,1.29E-01,0.007521,-119.99,1.85E-04,0.039949192,3.23973,208.21,4
60,1000,-152.89,1.84E-01,0.007521,-119.99,1.84E-04,0.063883122,2.88165,208.21,4
61,400,-101.6,6.25E-02,0.006602,-101.6,1.56E-04,0.20,4.22,208.21,4
62,700,-122.22,1.17E-01,0.006602,-101.6,1.67E-04,0.20,4.22,208.21,4
63,1000,-144.55,1.83E-01,0.006602,-101.6,1.83E-04,0.20,4.22,208.21,4
64,400,-60.57,3.71E-02,0.003956,-60.57,9.27E-05,0.20,4.22,210.36,4
65,700,-81.62,8.81E-02,0.003956,-60.57,1.26E-04,0.20,4.22,210.36,4
66,1000,-101.82,1.54E-01,0.003956,-60.57,1.54E-04,0.20,4.22,210.36,4
67,400,-35.67,1.64E-02,0.003105,-35.67,4.10E-05,0.20,4.22,210.36,4
68,700,-55.87,5.42E-02,0.003105,-35.67,7.75E-05,0.20,4.22,210.36,4
69,1000,-67.87,9.13E-02,0.003105,-35.67,9.13E-05,0.20,4.22,210.36,4
70,300,-211.97,4.41E-02,0.027541,-215.39,1.47E-04,0.20,4.22,210.36,4
71,400,-215.39,6.74E-02,0.027541,-215.39,1.68E-04,0.20,4.22,210.36,4
72,700,-227.92,1.65E-01,0.027541,-215.39,2.35E-04,0.20,4.22,210.36,4
73,1000,-235.33,2.44E-01,0.027541,-215.39,2.44E-04,0.20,4.22,210.36,4
74,300,-162.39,5.32E-02,0.012874,-163.53,1.77E-04,0.029786338,1.78652,210.36,4
75,400,-163.53,8.31E-02,0.012874,-163.53,2.08E-04,0.051454878,1.6149,210.36,4
76,700,-172.65,1.79E-01,0.012874,-163.53,2.56E-04,0.13283632,1.34638,210.36,4
77,1000,-172.65,2.82E-01,0.012874,-163.53,2.82E-04,0.220343013,1.28033,210.36,4
78,300,-104.27,2.24E-02,0.011351356,-118.52,7.48E-05,0.00787002,2.84951,210.36,4
79,400,-118.52,4.95E-02,0.011351356,-118.52,1.24E-04,0.019260696,2.5699,210.36,4
80,700,-144.73,1.69E-01,0.011351356,-118.52,2.42E-04,0.079142343,2.1394,210.36,4
81,1000,-144.73,2.36E-01,0.011351356,-118.52,2.36E-04,0.121469186,1.94512,210.36,4
82,400,23.09,1.21E-02,0.001177,23.09,3.03E-05,0.20,4.22,1102.66,8
83,700,32.45,3.82E-02,0.001177,23.09,5.46E-05,0.20,4.22,1102.66,8
84,1000,39.96,7.84E-02,0.001177,23.09,7.84E-05,0.20,4.22,1102.66,8
85,400,21.17,1.53E-02,0.001759,21.17,3.83E-05,0.20,4.22,1098.72,8
86,700,30.25,4.78E-02,0.001759,21.17,6.83E-05,0.20,4.22,1098.72,8
87,1000,35.44,8.21E-02,0.001759,21.17,8.21E-05,0.20,4.22,1098.72,8
88,400,17.72,3.90E-03,0.003218,17.72,9.75E-06,0.20,4.22,1098.72,8
89,700,29.32,1.94E-02,0.003218,17.72,2.77E-05,0.20,4.22,1098.72,8
90,1000,38.96,5.10E-02,0.003218,17.72,5.10E-05,0.20,4.22,1098.72,8
91,400,19.3,8.80E-03,0.001693,19.3,2.20E-05,0.20,4.22,1098.72,8
92,700,29.32,3.40E-02,0.001693,19.3,4.86E-05,0.20,4.22,1098.72,8
93,1000,35.86,7.10E-02,0.001693,19.3,7.10E-05,0.20,4.22,1098.72,8
94,400,-1.64,2.18E-04,0.00049075,-1.64,5.46E-07,0.20,4.22,1090.63,8
95,700,5.38,3.52E-03,0.00049075,-1.64,5.03E-06,0.20,4.22,1090.63,8
96,1000,12.43,2.25E-02,0.00049075,-1.64,2.25E-05,0.20,4.22,1090.63,8
97,400,21.46,1.82E-02,0.00101116,21.46,4.55E-05,0.20,4.22,1079.79,8
98,700,15.29,1.56E-02,0.00101116,21.46,2.22E-05,0.20,4.22,1079.79,8
99,1000,17.26,2.50E-02,0.00101116,21.46,2.50E-05,0.20,4.22,1079.79,8
100,400,15.44,4.78E-03,0.0019954,15.44,1.20E-05,0.20,4.22,1069.75,8
101,700,17.15,1.08E-02,0.0019954,15.44,1.55E-05,0.20,4.22,1069.75,8
102,1000,17.21,1.48E-02,0.0019954,15.44,1.48E-05,0.20,4.22,1069.75,8
103,400,270,5.09E-04,5.732274775,270,1.27E-06,0.20,4.22,1040.8,8
104,700,21.92,1.18E-04,5.732274775,270,1.69E-07,0.20,4.22,1040.8,8
105,1000,17.26,3.52E-04,5.732274775,270,3.52E-07,0.20,4.22,1040.8,8
106,300,210,6.62E-04,2,40,2.21E-06,0.20,4.22,1104.29,8
107,400,40,2.56E-04,2,40,6.40E-07,0.20,4.22,1104.29,8
108,700,22.7,2.12E-03,2,40,3.03E-06,0.20,4.22,1104.29,8
109,1000,26.5,6.95E-03,2,40,6.95E-06,0.20,4.22,1104.29,8
110,300,173.9,5.91E-04,0.38,59.3,1.97E-06,0.20,4.22,1104.29,8
111,400,59.3,3.70E-04,0.38,59.3,9.25E-07,0.20,4.22,1104.29,8
112,700,22,1.09E-03,0.38,59.3,1.56E-06,0.20,4.22,1104.29,8
113,400,-90.28,2.73E-02,0.119152,-90.28,6.83E-05,0.01132081,2.41307,210.93,4
114,700,-123.85,6.17E-02,0.119152,-90.28,8.81E-05,0.02553619,2.41558,210.93,4
115,1000,-130.04,7.93E-02,0.119152,-90.28,7.93E-05,0.03329024,2.38232,210.93,4
116,400,-90.28,3.03E-02,0.107849,-90.28,7.58E-05,0.019099891,1.5871,209.02,4
117,700,-123.85,7.00E-02,0.107849,-90.28,1.00E-04,0.039875867,1.75635,209.02,4
118,1000,-130.04,9.19E-02,0.107849,-90.28,9.19E-05,0.049893485,1.84225,209.02,4
119,400,-90.28,4.67E-02,0.070644,-90.28,1.17E-04,0.022586208,2.06759,208.44,4
120,700,-123.85,1.09E-01,0.070644,-90.28,1.56E-04,0.050077248,2.18525,208.44,4
121,1000,-130.04,1.35E-01,0.070644,-90.28,1.35E-04,0.060406906,2.23936,208.44,4
122,400,-90.28,8.04E-02,0.040973,-90.28,2.01E-04,0.049042114,1.63871,207.52,4
123,700,-123.85,1.79E-01,0.040973,-90.28,2.56E-04,0.111359887,1.60943,207.52,4
124,1000,-130.04,2.05E-01,0.040973,-90.28,2.05E-04,0.128986958,1.58808,207.52,4
125,400,-600.16,3.13E-02,0.460937,-600.16,7.81E-05,0.010513925,2.97299,206.97,4
126,700,-374.8,4.22E-02,0.460937,-600.16,6.03E-05,0.019480754,2.16539,206.97,4
127,1000,-320.53,1.23E-01,0.460937,-600.16,1.23E-04,0.058867739,2.09242,206.97,4
128,300,-74.98,2.93E-02,0.00638941,-93.82,9.76E-05,0.01972878,1.48358962,209.58,4
129,400,-93.82,5.51E-02,0.00638941,-93.82,1.38E-04,0.03507392,1.571097028,209.58,4
130,700,-124.55,1.31E-01,0.00638941,-93.82,1.87E-04,0.0829136,1.574660559,209.58,4
131,1000,-152.37,2.27E-01,0.00638941,-93.82,2.27E-04,0.141281,1.604043252,209.58,4
132,300,-46.31,1.06E-02,0.00549942,-44.36,3.53E-05,0.00488322,2.170001556,213.15,4
133,400,-44.36,1.43E-02,0.00549942,-44.36,3.58E-05,0.00976228,1.465854004,213.15,4
134,700,-55.34,4.08E-02,0.00549942,-44.36,5.82E-05,0.0278775,1.462482104,213.15,4
135,1000,-68.2,8.33E-02,0.00549942,-44.36,8.33E-05,0.0495538,1.680820436,213.15,4
136,300,-72.01,2.32E-02,0.00739839,-81.79,7.75E-05,0.01419657,1.637290898,209.04,4
137,400,-81.79,3.62E-02,0.00739839,-81.79,9.04E-05,0.02340048,1.545616006,209.04,4
138,700,-101.47,7.59E-02,0.00739839,-81.79,1.08E-04,0.04998035,1.518351106,209.04,4
139,1000,-114.58,1.13E-01,0.00739839,-81.79,1.13E-04,0.0770762,1.470944215,209.04,4
140,300,-43.69,1.12E-02,0.0043952,-45.05,3.73E-05,0.00521868,2.143851851,212.3,4
141,400,-45.05,1.85E-02,0.0043952,-45.05,4.62E-05,0.01211792,1.524264065,212.3,4
142,700,-50.98,4.83E-02,0.0043952,-45.05,6.90E-05,0.03408846,1.416678012,212.3,4
143,1000,-64.7,9.91E-02,0.0043952,-45.05,9.91E-05,0.061941,1.599402623,212.3,4
144,300,-70.53,3.41E-02,0.00477637,-81.71,1.14E-04,0.02291151,1.488878233,212.3,4
145,400,-81.71,5.59E-02,0.00477637,-81.71,1.40E-04,0.03772212,1.482392228,212.3,4
146,700,-112.78,1.51E-01,0.00477637,-81.71,2.15E-04,0.094031,1.600767692,212.3,4
147,1000,-135.59,2.59E-01,0.00477637,-81.71,2.59E-04,0.158857,1.629157717,212.3,4
148,300,-41.61,6.81E-03,0.00649209,-41.63,2.27E-05,0.00379719,1.793253904,219.83,4
149,400,-41.63,1.07E-02,0.00649209,-41.63,2.67E-05,0.00727684,1.46749541,219.83,4
150,700,-52.45,3.07E-02,0.00649209,-41.63,4.38E-05,0.02025961,1.514920146,219.83,4
151,1000,-60.8,5.23E-02,0.00649209,-41.63,5.23E-05,0.0340102,1.536920596,219.83,4
152,300,-26,4.68E-02,0.000509409,-31.98,1.56E-04,0.012368285,3.78035,311.43,4
153,400,-31.98,8.03E-02,0.000509409,-31.98,2.01E-04,0.019323409,4.15607,311.43,4
154,700,-33.62,1.50E-01,0.000509409,-31.98,2.15E-04,0.029357635,5.11561,311.43,4
155,1000,-30.17,1.06E-01,0.000509409,-31.98,1.06E-04,0.20,4.22,311.43,4
156,300,-24.46,3.88E-02,0.000476044,-30.29,1.29E-04,0.014141215,2.74566,311.43,4
157,400,-30.29,7.71E-02,0.000476044,-30.29,1.93E-04,0.023313772,3.30636,311.43,4
158,700,-41.77,2.22E-01,0.000476044,-30.29,3.17E-04,0.055061518,4.0289,311.43,4
159,1000,-33.71,1.89E-01,0.000476044,-30.29,1.89E-04,0.20,4.22,311.43,4
160,300,-42,4.05E-02,0.00127204,-51.37,1.35E-04,0.017568967,2.30636,301.96,4
161,400,-51.37,8.30E-02,0.00127204,-51.37,2.07E-04,0.035093259,2.36416,301.96,4
162,700,-65.77,2.58E-01,0.00127204,-51.37,3.68E-04,0.105399534,2.44509,301.96,4
163,1000,-39.71,2.30E-01,0.00127204,-51.37,2.30E-04,0.20,4.22,79.51,1
164,300,-82.77,4.98E-02,0.00395079,-96.44,1.66E-04,0.021697095,2.2948,301.96,4
165,400,-96.44,9.42E-02,0.00395079,-96.44,2.35E-04,0.044149795,2.13295,301.96,4
166,700,-117.92,2.77E-01,0.00395079,-96.44,3.96E-04,0.139855751,1.98266,301.96,4
167,1000,-52.48,2.95E-01,0.00395079,-96.44,2.95E-04,0.20,4.22,79.51,1
168,400,-19.88,5.56E-03,0.002843,-19.88,1.39E-05,0.20,4.22,339.43,6
169,700,-25.76,1.01E-02,0.002843,-19.88,1.44E-05,0.20,4.22,339.43,6
170,1000,-27.03,1.17E-02,0.002843,-19.88,1.17E-05,0.20,4.22,339.43,6
171,400,-20.95,6.57E-03,0.002673,-20.95,1.64E-05,0.20,4.22,339.43,6
172,700,-28.46,1.37E-02,0.002673,-20.95,1.96E-05,0.20,4.22,339.43,6
173,1000,-30.79,1.56E-02,0.002673,-20.95,1.56E-05,0.20,4.22,339.43,6
174,400,-139.46,1.29E-01,0.006037,-139.46,3.22E-04,0.20,4.22,210.39,4
175,700,-169.85,2.45E-01,0.006037,-139.46,3.50E-04,0.20,4.22,210.39,4
176,1000,-187.5,3.18E-01,0.006037,-139.46,3.18E-04,0.20,4.22,210.39,4
177,300,162,1.43E+00,0.00055,162,4.77E-03,0.975,1.468195804,509.21,3
178,300,-174,2.02E+00,0.00045,-174,6.73E-03,0.5025,4.016716418,509.21,3
179,300,38,2.28E-01,0.00019,38,7.60E-04,0.0675,3.377777778,479.59,3
180,300,63,9.76E-01,0.00012,63,3.25E-03,0.1875,5.205245902,479.59,3
181,300,78.67,2.67E-01,0.00085,122.16,8.91E-04,0.178443558,1.49875,479.59,3
182,400,122.16,7.02E-01,0.00085,122.16,1.76E-03,0.458771734,1.53108,479.59,3
183,700,199.03,2.29E+00,0.00085,122.16,3.26E-03,1.384355066,1.65073,479.59,3
184,1000,165.79,2.15E+00,0.00085,122.16,2.15E-03,0.948261434,2.27167,479.59,3
185,300,-279.86,3.93E-01,0.00677423,-295.57,1.31E-03,0.188435535,2.08661,739.6462088,2
186,400,-295.57,5.16E-01,0.00677423,-295.57,1.29E-03,0.296861717,1.73762,739.6462088,2
187,700,-334.67,9.30E-01,0.00677423,-295.57,1.33E-03,0.594360115,1.56386,739.6462088,2
188,300,-257.3,6.80E-01,0.00340249,-276.16,2.27E-03,0.310801835,2.18825,741.1439152,2
189,400,-276.16,8.97E-01,0.00340249,-276.16,2.24E-03,0.469668971,1.90897,741.1439152,2
190,700,-309.85,1.55E+00,0.00340249,-276.16,2.21E-03,0.889593963,1.74246,741.1439152,2
191,300,-246.59,9.75E-01,0.00212784,-266.33,3.25E-03,0.424000225,2.29861,741.3896336,2
192,400,-266.33,1.33E+00,0.00212784,-266.33,3.33E-03,0.668512792,1.99464,741.3896336,2
193,700,-301.53,2.37E+00,0.00212784,-266.33,3.38E-03,1.27177965,1.86154,741.3896336,2
194,300,-222.15,9.92E-01,0.00174818,-248.19,3.31E-03,0.400777807,2.47577,742.7420554,2
195,400,-248.19,1.41E+00,0.00174818,-248.19,3.52E-03,0.677502412,2.08031,742.7420554,2
196,700,-281.75,2.59E+00,0.00174818,-248.19,3.70E-03,1.334133877,1.9414,742.7420554,2
197,300,-217.11,1.24E+00,0.00134137,-247.94,4.14E-03,0.485042171,2.55853,742.8896917,2
198,400,-247.94,1.83E+00,0.00134137,-247.94,4.58E-03,0.809426937,2.26473,742.8896917,2
199,700,-275.7,3.21E+00,0.00134137,-247.94,4.59E-03,1.504651502,2.13453,742.8896917,2
200,300,-211.82,8.91E-01,-247.31,-6.35E-03,2.97E-03,0.331609215,2.68777,742.8896917,2
201,400,-247.31,1.36E+00,-247.31,-7.42E-03,3.41E-03,0.631923014,2.15872,742.8896917,2
202,700,-278.47,2.38E+00,-247.31,-8.35E-03,3.40E-03,1.181566055,2.014,742.8896917,2
203,300,-192.21,9.77E-01,0.00113,-192.21,3.26E-03,0.380118325,2.57047,742.7420554,2
204,400,-214.39,1.43E+00,0.00113,-192.21,3.57E-03,0.644976838,2.21377,742.7420554,2
205,700,-247.54,2.68E+00,0.00113,-192.21,3.83E-03,1.385962072,1.93658,742.7420554,2
206,300,62.38,3.17E-01,0.00057,105,1.06E-03,0.079250912,3.99643,269.84,4
207,400,105,7.74E-01,0.00057,105,1.94E-03,0.289521835,2.675,269.84,4
208,700,212.86,1.85E+00,0.00057,105,2.65E-03,1.329723145,1.39286,269.84,4
209,300,50.95,1.88E-01,0.00062,98.33,6.28E-04,0.062528934,3.01429,269.84,4
210,400,98.33,6.25E-01,0.00062,98.33,1.56E-03,0.28172853,2.21786,269.84,4
211,700,209.05,1.91E+00,0.00062,98.33,2.72E-03,1.502553777,1.26786,269.84,4
212,1000,204,2.03E+00,0.00062,98.33,2.03E-03,1.703161584,1.18929,269.84,4
213,300,58.81,2.02E-01,0.00069,89.76,6.75E-04,0.075096639,2.69643,269.84,4
214,400,89.76,4.66E-01,0.00069,89.76,1.17E-03,0.216602878,2.15357,269.84,4
215,700,205.24,1.81E+00,0.00069,89.76,2.58E-03,1.392715388,1.29643,269.84,4
216,1000,197,1.96E+00,0.00069,89.76,1.96E-03,1.636067789,1.19643,269.84,4
217,300,140.4,2.16E-01,0.00355,197.87,7.19E-04,0.111032448,1.9421,269.84,4
218,400,201.46,4.58E-01,0.00355,197.87,1.14E-03,0.295085853,1.55169,269.84,4
219,700,323.94,8.42E-01,0.00355,197.87,1.20E-03,0.871875767,0.965347,269.84,4
220,300,136.17,2.32E-01,0.00291,195.21,7.75E-04,0.107163649,2.16832,269.84,4
221,400,195.21,5.24E-01,0.00291,195.21,1.31E-03,0.316428584,1.65594,269.84,4
222,700,327.66,1.40E+00,0.00291,195.21,2.00E-03,1.387416646,1.0099,269.84,4
223,300,169,4.70E-01,0.00208,192,1.57E-03,0.20,4.22,169.78,4
224,400,192,7.09E-01,0.00208,192,1.77E-03,0.20,4.22,169.78,4
225,700,242,1.36E+00,0.00208,192,1.94E-03,0.20,4.22,169.78,4
226,1000,273,1.80E+00,0.00208,192,1.80E-03,0.20,4.22,169.78,4
227,300,137,3.77E-01,0.00171,161,1.26E-03,0.20,4.22,169.78,4
228,400,161,6.08E-01,0.00171,161,1.52E-03,0.20,4.22,169.78,4
229,700,218.3,1.36E+00,0.00171,161,1.94E-03,0.20,4.22,169.78,4
230,1000,254,1.93E+00,0.00171,161,1.93E-03,0.20,4.22,169.78,4
231,300,127.631,3.67E-01,0.0015184,151.36,1.22E-03,0.08445088,4.33976,169.78,4
232,400,151.36,6.04E-01,0.0015184,151.36,1.51E-03,0.145604448,4.14497,169.78,4
233,700,209.823,1.41E+00,0.0015184,151.36,2.02E-03,0.369646753,3.81657,169.78,4
234,1000,248.114,2.09E+00,0.0015184,151.36,2.09E-03,0.580112442,3.59911,169.78,4
235,300,-122.807,3.87E-01,0.00133537,150.045,1.29E-03,0.093418564,4.13947,169.78,4
236,400,-150.045,6.74E-01,0.00133537,150.045,1.69E-03,0.159453467,4.22929,169.78,4
237,700,-230.877,1.92E+00,0.00133537,150.045,2.74E-03,0.51588803,3.72337,169.78,4
238,1000,-281.446,3.16E+00,0.00133537,150.045,3.16E-03,0.862981105,3.66568,169.78,4
239,300,-200,1.60E-01,0.0051,-245,5.33E-04,0.020725389,7.72,208.21,4
240,400,-245,4.71E-01,0.0051,-245,1.18E-03,0.07005719,6.72,208.21,4
241,700,-233,1.75E+00,0.0051,-245,2.50E-03,0.31783268,5.51,208.21,4
242,1000,-155,1.60E+00,0.0051,-245,1.60E-03,0.207738867,7.71,208.21,4
243,300,108.88,1.67E-01,0.00238,119.75,5.58E-04,0.076639366,2.18498,380.53,2
244,400,120,2.42E-01,0.00238,119.75,6.05E-04,0.113817986,2.1246,380.53,2
245,700,171.43,7.44E-01,0.00238,119.75,1.06E-03,0.3597171,2.0678,380.53,2
246,1000,293.62,2.35E+00,0.00238,119.75,2.35E-03,1.191133093,1.9731,380.53,2
247,300,-196.16,3.56E-02,0.03246,-196.16,1.19E-04,0.027669081,1.28517,1357.83,2
248,300,-219.62,3.48E-01,0.004159,-219.62,1.16E-03,0.20,4.22,1357.83,2
249,300,135.09,3.73E-01,0.001467,142.36,1.24E-03,0.162121393,2.3,236.38,2
250,400,142.36,5.53E-01,0.001467,142.36,1.38E-03,0.23521233,2.35,236.38,2
251,700,173.46,1.46E+00,0.001467,142.36,2.08E-03,0.559676118,2.6,236.38,2
252,1000,207.27,3.12E+00,0.001467,142.36,3.12E-03,1.074714975,2.9,236.38,2
253,700,-501.65,9.73E-03,181.543206,-500.55,1.39E-05,0.000903217,10.7741,47.62,2
254,1000,-549.67,9.44E-01,181.543206,-500.55,9.44E-04,0.128765807,7.33252,47.62,2
255,400,-289.98,3.18E-03,105.6963524,-289.98,7.96E-06,0.000176091,18.0719,47.62,2
256,700,-331.35,2.97E-02,105.6963524,-289.98,4.25E-05,0.002760142,10.7741,47.62,2
257,1000,-412.05,1.21E+00,105.6963524,-289.98,1.21E-03,0.186834709,6.46651,47.62,2
258,400,-206.81,1.18E-03,145.0474172,-206.81,2.95E-06,8.88E-05,13.2843,47.62,2
259,700,-204.62,3.52E-01,145.0474172,-206.81,5.02E-04,0.039095209,8.99308,47.62,2
260,1000,-229.87,1.64E+00,145.0474172,-206.81,1.64E-03,0.302205857,5.42075,47.62,2
261,400,-362.53,1.31E-02,40.25408877,-362.53,3.27E-05,0.001042084,12.5327,47.62,2
262,700,-434.32,1.25E+00,40.25408877,-362.53,1.78E-03,0.13499319,9.25454,47.62,2
263,1000,-443.73,3.62E+00,40.25408877,-362.53,3.62E-03,0.544835324,6.64626,47.62,2
264,300,-28.21,1.93E-02,0.00119,-31.41,6.42E-05,0.00625094,3.0834,1066.2,20
265,400,-31.41,3.31E-02,0.00119,-31.41,8.28E-05,0.010430437,3.1764,1066.2,20
266,700,-45.45,1.37E-01,0.00119,-31.41,1.96E-04,0.039515646,3.4727,1066.2,20
267,1000,-66.47,3.77E-01,0.00119,-31.41,3.77E-04,0.104674177,3.601,1066.2,20
268,300,-25.74,3.08E-01,0.0001,-25.21,1.03E-03,0.037628248,8.177,883.29,18
269,400,-25.21,2.60E-01,0.0001,-25.21,6.49E-04,0.033229299,7.817,883.29,18
270,700,-27.03,2.54E-01,0.0001,-25.21,3.62E-04,0.036878464,6.8797,883.29,18
271,1000,-33.86,3.76E-01,0.0001,-25.21,3.76E-04,0.059798731,6.2948,883.29,18
272,300,217.6,1.96E-02,23.73,-50.67,6.52E-05,0.20,4.22,338.06,4
273,300,130,1.58E-01,23.73,-50.67,5.28E-04,0.20,4.22,188.19,2
274,300,200,9.52E-05,23.73,-50.67,3.17E-07,0.20,4.22,189.68,2
275,300,20,3.08E-03,23.73,-50.67,1.03E-05,0.20,4.22,188.56,2
276,300,5,2.14E-04,23.73,-50.67,7.14E-07,0.20,4.22,188.45,2
277,300,6.3,3.72E-04,23.73,-50.67,1.24E-06,0.20,4.22,188.41,2
278,300,149.91,8.24E-02,23.73,-50.67,2.75E-04,0.20,4.22,380.25,4
279,400,140,7.26E-02,23.73,-50.67,1.82E-04,0.20,4.22,380.25,4
280,700,120,6.36E-02,23.73,-50.67,9.09E-05,0.20,4.22,380.25,4
281,1000,100,5.22E-02,23.73,-50.67,5.22E-05,0.20,4.22,380.25,4
282,300,54.72,3.21E-02,23.73,-50.67,1.07E-04,0.20,4.22,378.4,4
283,400,50,2.62E-02,23.73,-50.67,6.55E-05,0.20,4.22,378.4,4
284,700,40,1.84E-02,23.73,-50.67,2.63E-05,0.20,4.22,378.4,4
285,1000,30,1.10E-02,23.73,-50.67,1.10E-05,0.20,4.22,378.4,4
286,300,25,1.66E-02,23.73,-50.67,5.55E-05,0.20,4.22,190.07,2
287,400,20,1.08E-02,23.73,-50.67,2.69E-05,0.20,4.22,190.07,2
288,700,2,1.33E-04,23.73,-50.67,1.91E-07,0.20,4.22,190.07,2
289,1000,1,2.66E-05,23.73,-50.67,2.66E-08,0.20,4.22,190.07,2
290,300,0.5,1.59E-05,23.73,-50.67,5.30E-08,0.20,4.22,190.07,2
291,400,0.1,5.92E-07,23.73,-50.67,1.48E-09,0.20,4.22,190.07,2
292,700,0.1,5.14E-07,23.73,-50.67,7.35E-10,0.20,4.22,190.07,2
293,1000,0.1,4.49E-07,23.73,-50.67,4.49E-10,0.20,4.22,190.07,2
294,300,215,9.91E-02,0.016,240,3.30E-04,0.20,4.22,581.29,2
295,400,240,1.44E-01,0.016,240,3.60E-04,0.20,4.22,581.29,2
296,700,295,3.05E-01,0.016,240,4.35E-04,0.20,4.22,581.29,2
297,300,-175.031,4.87E-07,85.3104,-147,1.62E-09,0.20,4.22,555.64,8
298,400,-147,1.01E-05,85.3104,-147,2.53E-08,0.20,4.22,555.64,8
299,700,-100.68,4.20E-04,85.3104,-147,5.99E-07,0.20,4.22,555.64,8
300,1000,-84.81,2.00E-03,85.3104,-147,2.00E-06,0.20,4.22,555.64,8
301,300,277.076,2.15E-02,0.0699656,299.003,7.17E-05,0.20,4.22,136.95,3
302,400,299.003,5.11E-02,0.0699656,299.003,1.28E-04,0.20,4.22,136.95,3
303,700,321.429,1.30E-01,0.0699656,299.003,1.85E-04,0.20,4.22,136.95,3
304,1000,324.917,1.98E-01,0.0699656,299.003,1.98E-04,0.20,4.22,136.95,3
305,300,97.6744,1.59E-01,0.001937,115.116,5.31E-04,0.20,4.22,140.56,3
306,400,115.116,2.74E-01,0.001937,115.116,6.84E-04,0.20,4.22,140.56,3
307,700,145.515,4.63E-01,0.001937,115.116,6.62E-04,0.20,4.22,140.56,3
308,1000,167.94,6.91E-01,0.001937,115.116,6.91E-04,0.20,4.22,140.56,3
309,300,300,1.37E-02,0.119099,321.429,4.58E-05,0.20,4.22,131.12,3
310,400,321.429,3.47E-02,0.119099,321.429,8.67E-05,0.20,4.22,131.12,3
311,700,351.827,1.00E-01,0.119099,321.429,1.43E-04,0.20,4.22,131.12,3
312,1000,354.817,1.75E-01,0.119099,321.429,1.75E-04,0.20,4.22,131.12,3
313,300,97.9094,2.05E-07,809.8083993,107.578,6.83E-10,0.20,4.22,422.94,8
314,400,107.578,5.72E-07,809.8083993,107.578,1.43E-09,0.20,4.22,422.94,8
315,700,124.826,1.01E-05,809.8083993,107.578,1.44E-08,0.20,4.22,422.94,8
316,1000,160.801,3.99E-05,809.8083993,107.578,3.99E-08,0.20,4.22,422.94,8
317,300,92.5958,2.06E-07,707.6990581,97.0383,6.88E-10,0.20,4.22,422.94,8
318,400,97.0383,5.32E-07,707.6990581,97.0383,1.33E-09,0.20,4.22,422.94,8
319,700,113.502,1.05E-05,707.6990581,97.0383,1.50E-08,0.20,4.22,422.94,8
320,1000,113.937,3.56E-05,707.6990581,97.0383,3.56E-08,0.20,4.22,422.94,8
321,300,103.223,2.79E-06,99.41840235,106.01,9.31E-09,0.20,4.22,422.94,8
322,400,106.01,4.52E-06,99.41840235,106.01,1.13E-08,0.20,4.22,422.94,8
323,700,120.122,4.99E-05,99.41840235,106.01,7.13E-08,0.20,4.22,422.94,8
324,1000,125.61,9.93E-05,99.41840235,106.01,9.93E-08,0.20,4.22,422.94,8
325,300,103.833,5.77E-07,175.7080154,105.575,1.92E-09,0.20,4.22,422.94,8
326,400,105.575,2.54E-06,175.7080154,105.575,6.34E-09,0.20,4.22,422.94,8
327,700,121.603,1.99E-05,175.7080154,105.575,2.84E-08,0.20,4.22,422.94,8
328,1000,124.216,4.32E-05,175.7080154,105.575,4.32E-08,0.20,4.22,422.94,8
329,300,-650.91,4.20E-02,0.24169,-587.185,1.40E-04,0.011795412,3.56184,206.97,4
330,400,-587.185,5.71E-02,0.24169,-587.185,1.43E-04,0.018604483,3.06714,206.97,4
331,700,-362.325,8.91E-02,0.24169,-587.185,1.27E-04,0.041301192,2.15813,206.97,4
332,1000,-282.213,9.44E-02,0.24169,-587.185,9.44E-05,0.0457147,2.06537,206.97,4
333,300,-109.244,3.90E-02,0.0106095,-124.72,1.30E-04,0.026137018,1.49028,206.97,4
334,400,-124.72,5.86E-02,0.0106095,-124.72,1.47E-04,0.039848239,1.47173,206.97,4
335,700,-168.417,1.28E-01,0.0106095,-124.72,1.82E-04,0.079617332,1.60159,206.97,4
336,1000,-244.888,3.21E-01,0.0106095,-124.72,3.21E-04,0.199082397,1.61396,206.97,4
337,300,-52.8011,2.15E-02,0.0043831,-60.084,7.15E-05,0.012433026,1.72527,207.52,4
338,400,-60.084,3.29E-02,0.0043831,-60.084,8.24E-05,0.020104787,1.63869,207.52,4
339,700,-84.6639,8.16E-02,0.0043831,-60.084,1.17E-04,0.050580993,1.61396,207.52,4
340,1000,-128.361,2.11E-01,0.0043831,-60.084,2.11E-04,0.133018362,1.58304,207.52,4
341,300,-38.2353,1.30E-02,0.00359065,-49.1597,4.35E-05,0.007932122,1.64488,207.52,4
342,400,-49.1597,2.69E-02,0.00359065,-49.1597,6.73E-05,0.017140379,1.57067,207.52,4
343,700,-60.9944,5.41E-02,0.00359065,-49.1597,7.72E-05,0.032386419,1.66961,207.52,4
344,1000,-101.05,1.71E-01,0.00359065,-49.1597,1.71E-04,0.101172463,1.69435,207.52,4
345,300,-9.10364,1.63E-04,0.0120812,-20.028,5.45E-07,0.20,4.22,207.52,4
346,400,-20.028,1.33E-03,0.0120812,-20.028,3.32E-06,0.20,4.22,207.52,4
347,700,-50.9804,1.71E-02,0.0120812,-20.028,2.45E-05,0.20,4.22,207.52,4
348,1000,-25.4902,5.86E-03,0.0120812,-20.028,5.86E-06,0.20,4.22,207.52,4
349,300,-156.078,5.41E-02,0.0149487,-172.722,1.80E-04,0.005590487,9.6695,1035.51,16
350,400,-172.722,7.98E-02,0.0149487,-172.722,2.00E-04,0.011785614,6.77329,1035.51,16
351,700,-202.219,1.47E-01,0.0149487,-172.722,2.10E-04,0.038004955,3.86562,1035.51,16
352,1000,-222.736,2.16E-01,0.0149487,-172.722,2.16E-04,0.072577584,2.97623,1035.51,16
353,300,-88.5671,1.12E-01,0.0023498,-105.832,3.73E-04,0.012204602,9.1565,1035.51,16
354,400,-105.832,1.91E-01,0.0023498,-105.832,4.77E-04,0.027820846,6.85319,1035.51,16
355,700,-146.168,4.44E-01,0.0023498,-105.832,6.34E-04,0.113093689,3.92271,1035.51,16
356,1000,-177.832,7.03E-01,0.0023498,-105.832,7.03E-04,0.240031089,2.93072,1035.51,16
357,300,-50.4768,9.13E-02,0.000942337,-62.4767,3.04E-04,0.009402057,9.71545,1035.51,16
358,400,-62.4767,1.66E-01,0.000942337,-62.4767,4.14E-04,0.022990066,7.20692,1035.51,16
359,700,-94.1419,4.80E-01,0.000942337,-62.4767,6.86E-04,0.104779859,4.58432,1035.51,16
360,1000,-119.305,8.46E-01,0.000942337,-62.4767,8.46E-04,0.242294205,3.48967,1035.51,16
361,300,-46.7607,9.07E-02,0.000817897,-56.5928,3.02E-04,0.009632278,9.41949,1035.51,16
362,400,-56.5928,1.57E-01,0.000817897,-56.5928,3.92E-04,0.022224564,7.04775,1035.51,16
363,700,-83.3032,4.29E-01,0.000817897,-56.5928,6.13E-04,0.092961144,4.61902,1035.51,16
364,1000,-108.464,8.20E-01,0.000817897,-56.5928,8.20E-04,0.231919011,3.53581,1035.51,16
365,300,-50.7871,8.63E-02,0.000995442,-60.6186,2.88E-04,0.00973701,8.86791,1035.51,16
366,400,-60.6186,1.48E-01,0.000995442,-60.6186,3.69E-04,0.02235983,6.6037,1035.51,16
367,700,-88.5677,3.93E-01,0.000995442,-60.6186,5.62E-04,0.100865679,3.89999,1035.51,16
368,1000,-114.967,7.43E-01,0.000995442,-60.6186,7.43E-04,0.242663763,3.06296,1035.51,16
369,300,-53.2639,6.44E-02,0.00143465,-65.5729,2.15E-04,0.00940658,6.84738,1035.51,16
370,400,-65.5729,1.20E-01,0.00143465,-65.5729,3.00E-04,0.023546412,5.09141,1035.51,16
371,700,-93.2129,3.52E-01,0.00143465,-65.5729,5.02E-04,0.108354634,3.24419,1035.51,16
372,1000,-117.444,6.61E-01,0.00143465,-65.5729,6.61E-04,0.262891577,2.51443,1035.51,16
373,300,-52.3343,2.86E-02,0.0027953,-64.0245,9.53E-05,0.008831211,3.23848,1035.51,16
374,400,-64.0245,5.87E-02,0.0027953,-64.0245,1.47E-04,0.022462541,2.61135,1035.51,16
375,700,-86.4,2.14E-01,0.0027953,-64.0245,3.06E-04,0.116776249,1.83597,1035.51,16
376,1000,-110.012,4.53E-01,0.0027953,-64.0245,4.53E-04,0.277913956,1.63073,1035.51,16
377,300,-390,5.91E-04,23.73,-50.67,1.97E-06,0.000314602,1.87927,222.73,4
378,400,140.3,2.05E-03,23.73,-50.67,5.13E-06,0.20,4.22,222.73,4
379,700,28.76,4.26E-02,23.73,-50.67,6.09E-05,0.20,4.22,222.73,4
380,1000,15.7,2.51E-02,23.73,-50.67,2.51E-05,0.20,4.22,222.73,4
381,300,395,2.98E-02,23.73,-50.67,9.94E-05,0.016495189,1.807,222.73,4
382,400,304,4.99E-02,23.73,-50.67,1.25E-04,0.20,4.22,222.73,4
383,700,32.48,6.00E-02,23.73,-50.67,8.58E-05,0.20,4.22,222.73,4
384,1000,18.56,3.62E-02,23.73,-50.67,3.62E-05,0.20,4.22,222.73,4
385,300,330,4.72E-02,23.73,-50.67,1.57E-04,0.026234732,1.8,222.73,4
386,400,243.5,7.02E-02,23.73,-50.67,1.75E-04,0.20,4.22,222.73,4
387,700,28.76,5.28E-02,23.73,-50.67,7.54E-05,0.20,4.22,222.73,4
388,1000,17.6,3.38E-02,23.73,-50.67,3.38E-05,0.20,4.22,222.73,4
389,300,214.7,8.67E-02,23.73,-50.67,2.89E-04,0.048140749,1.8,222.95,4
390,400,129,9.15E-02,23.73,-50.67,2.29E-04,0.20,4.22,222.95,4
391,700,25.04,4.62E-02,23.73,-50.67,6.60E-05,0.20,4.22,222.95,4
392,1000,14.8,2.63E-02,23.73,-50.67,2.63E-05,0.20,4.22,222.95,4
393,300,21.32,2.92E-02,23.73,-50.67,9.72E-05,0.00788839,3.69579,224.2,4
394,400,17.6,2.77E-02,23.73,-50.67,6.93E-05,0.20,4.22,224.2,4
395,700,10.17,1.45E-02,23.73,-50.67,2.07E-05,0.20,4.22,224.2,4
396,1000,5.52,5.10E-03,23.73,-50.67,5.10E-06,0.20,4.22,224.2,4
397,300,56.4516,4.69E-02,23.73,-50.67,1.56E-04,0.055801689,0.84,6058.93,8
398,400,68.7334,8.13E-02,23.73,-50.67,2.03E-04,0.096379224,0.844,6058.93,8
399,700,117.242,2.78E-01,23.73,-50.67,3.97E-04,0.340484029,0.816,6058.93,8
400,1000,164.143,5.88E-01,23.73,-50.67,5.88E-04,0.822909213,0.715,6058.93,8
401,300,110.866,1.75E-01,23.73,-50.67,5.83E-04,0.173267726,1.01,1610.64,9
402,400,146.015,3.29E-01,23.73,-50.67,8.23E-04,0.496100779,0.6638,1610.64,9
403,700,205.872,8.92E-01,23.73,-50.67,1.27E-03,1.286961011,0.6933,1610.64,9
404,300,126,1.22E-01,23.73,-50.67,4.06E-04,0.20,4.22,747,2
405,400,154,2.46E-01,23.73,-50.67,6.16E-04,0.20,4.22,747,2
406,700,166,5.94E-01,23.73,-50.67,8.48E-04,0.20,4.22,747,2
407,300,101,2.97E-01,23.73,-50.67,9.90E-04,0.15555838,1.91,756.81,2
408,400,127,5.76E-01,23.73,-50.67,1.44E-03,0.290927128,1.98,756.81,2
409,700,176,1.68E+00,23.73,-50.67,2.40E-03,0.812013631,2.07,756.81,2
410,300,87.2,2.55E-01,23.73,-50.67,8.51E-04,0.10643673,2.4,756.81,2
411,400,107,4.72E-01,23.73,-50.67,1.18E-03,0.198167011,2.38,756.81,2
412,700,158,1.63E+00,23.73,-50.67,2.33E-03,0.6558871,2.49,756.81,2
413,300,58.2,1.32E-01,23.73,-50.67,4.39E-04,0.085031756,1.55,762.5,2
414,400,75.7,2.74E-01,23.73,-50.67,6.85E-04,0.174640844,1.57,762.5,2
415,700,127,1.27E+00,23.73,-50.67,1.82E-03,0.748267895,1.703,762.5,2
416,300,279.207,5.25E-02,23.73,-50.67,1.75E-04,0.054916687,0.956,248.9,3
417,400,300.119,8.96E-02,23.73,-50.67,2.24E-04,0.224057186,0.3998,248.9,3
418,700,306.696,2.00E-01,23.73,-50.67,2.86E-04,0.974581824,0.2056,248.9,3
419,300,-132.097,1.02E-02,23.73,-50.67,3.41E-05,0.20,4.22,47.62,2
420,400,-135.054,1.45E-02,23.73,-50.67,3.61E-05,0.20,4.22,47.62,2
421,700,-180.753,5.54E-02,23.73,-50.67,7.92E-05,0.20,4.22,47.62,2
422,1000,-218.521,2.00E-01,23.73,-50.67,2.00E-04,0.20,4.22,47.62,2
423,300,-115.43,2.65E-02,23.73,-50.67,8.82E-05,0.20,4.22,47.62,2
424,400,-128.468,4.39E-02,23.73,-50.67,1.10E-04,0.20,4.22,47.62,2
425,700,-162.876,1.20E-01,23.73,-50.67,1.72E-04,0.20,4.22,47.62,2
426,1000,-204.677,3.83E-01,23.73,-50.67,3.83E-04,0.20,4.22,47.62,2
427,300,-113.952,3.78E-02,23.73,-50.67,1.26E-04,0.20,4.22,47.62,2
428,400,-123.495,5.91E-02,23.73,-50.67,1.48E-04,0.20,4.22,47.62,2
429,700,-154.543,1.51E-01,23.73,-50.67,2.15E-04,0.20,4.22,47.62,2
430,1000,-187.876,3.70E-01,23.73,-50.67,3.70E-04,0.20,4.22,47.62,2
431,300,-110.995,5.45E-02,23.73,-50.67,1.82E-04,0.20,4.22,47.62,2
432,400,-117.177,7.74E-02,23.73,-50.67,1.94E-04,0.20,4.22,47.62,2
433,700,-147.016,1.90E-01,23.73,-50.67,2.72E-04,0.20,4.22,47.62,2
434,1000,-175.78,4.00E-01,23.73,-50.67,4.00E-04,0.20,4.22,47.62,2
435,300,-144.866,2.94E-02,23.73,-50.67,9.81E-05,0.20,4.22,47.62,2
436,400,-149.839,4.18E-02,23.73,-50.67,1.05E-04,0.20,4.22,47.62,2
437,700,-177.527,9.98E-02,23.73,-50.67,1.43E-04,0.20,4.22,47.62,2
438,1000,-207.5,2.52E-01,23.73,-50.67,2.52E-04,0.20,4.22,47.62,2
439,300,-80.5607,7.56E-03,23.73,-50.67,2.52E-05,0.20,4.22,234.85,4
440,400,-73.8318,8.37E-03,23.73,-50.67,2.09E-05,0.20,4.22,234.85,4
441,700,-58.3178,7.10E-03,23.73,-50.67,1.02E-05,0.20,4.22,234.85,4
442,1000,-40.1869,4.54E-03,23.73,-50.67,4.54E-06,0.20,4.22,234.85,4
443,300,-110.28,2.37E-02,23.73,-50.67,7.90E-05,0.20,4.22,234.85,4
444,400,-105.047,2.91E-02,23.73,-50.67,7.27E-05,0.20,4.22,234.85,4
445,700,-88.5981,3.16E-02,23.73,-50.67,4.51E-05,0.20,4.22,234.85,4
446,1000,-74.3925,2.41E-02,23.73,-50.67,2.41E-05,0.20,4.22,234.85,4
447,300,69.4361,5.81E-04,23.73,-50.67,1.94E-06,0.000528343,1.1,219.13,4
448,300,-32.5663,3.33E-03,23.73,-50.67,1.11E-05,0.001753013,1.9,219.13,4
449,300,-357.564,1.34E-01,23.73,-50.67,4.48E-04,0.008282179,16.23,206.97,4
450,300,-133,5.05E-01,23.73,-50.67,1.68E-03,0.063333333,7.98,228.44,4
451,400,-136,6.33E-01,23.73,-50.67,1.58E-03,0.093139486,6.795,228.44,4
452,300,-95,3.09E-02,23.73,-50.67,1.03E-04,0.005134142,6.02,228.44,4
453,400,-130,9.73E-02,23.73,-50.67,2.43E-04,0.018352111,5.3,228.44,4
454,300,-113,6.41E-01,23.73,-50.67,2.14E-03,0.075362975,8.5,228.44,4
455,400,-137,1.20E+00,23.73,-50.67,3.01E-03,0.151338494,7.95,228.44,4
456,300,-92,3.29E-01,23.73,-50.67,1.10E-03,0.039441739,8.35,228.44,4
457,400,-109,6.03E-01,23.73,-50.67,1.51E-03,0.092641543,6.51,228.44,4
458,300,-119.188,3.47E-01,23.73,-50.67,1.16E-03,0.050251597,6.90444,210.86,4
459,400,-137.005,5.31E-01,23.73,-50.67,1.33E-03,0.066676394,7.9584,210.86,4
460,700,-168.074,9.74E-01,23.73,-50.67,1.39E-03,0.099979863,9.74108,210.86,4
461,1000,-177.53,1.22E+00,23.73,-50.67,1.22E-03,0.122572444,9.92664,210.86,4
462,300,-163.441,5.83E-01,23.73,-50.67,1.94E-03,0.084685557,6.88672,210.86,4
463,400,-185.373,8.43E-01,23.73,-50.67,2.11E-03,0.120287894,7.00955,210.86,4
464,700,-236.772,1.68E+00,23.73,-50.67,2.40E-03,0.232283937,7.2322,210.86,4
465,1000,-250.86,2.11E+00,23.73,-50.67,2.11E-03,0.27533795,7.6719,210.86,4
466,300,-130.766,4.62E-01,23.73,-50.67,1.54E-03,0.07963356,5.80227,210.86,4
467,400,-151.928,7.12E-01,23.73,-50.67,1.78E-03,0.122115456,5.83,210.86,4
468,700,-189.172,1.36E+00,23.73,-50.67,1.94E-03,0.218130295,6.23152,210.86,4
469,1000,-199.4,1.64E+00,23.73,-50.67,1.64E-03,0.242232068,6.77258,210.86,4
470,300,-8.13E+01,1.23E+00,23.73,-50.67,4.11E-03,0.20,4.22,195.59,6
471,400,-6.93E+01,1.24E+00,23.73,-50.67,3.09E-03,0.20,4.22,195.59,6
472,300,-8.08E+01,1.07E+00,23.73,-50.67,3.58E-03,0.20,4.22,195.59,6
473,400,-6.85E+01,1.04E+00,23.73,-50.67,2.60E-03,0.20,4.22,195.59,6
474,300,-8.53E+01,1.27E+00,23.73,-50.67,4.23E-03,0.20,4.22,195.59,6
475,400,-7.29E+01,1.26E+00,23.73,-50.67,3.16E-03,0.20,4.22,195.59,6
476,300,-8.13E+01,7.75E-01,23.73,-50.67,2.58E-03,0.20,4.22,195.59,6
477,400,-6.91E+01,6.53E-01,23.73,-50.67,1.63E-03,0.20,4.22,195.59,6
478,300,-7.52E+01,6.54E-01,23.73,-50.67,2.18E-03,0.20,4.22,195.59,6
479,400,-6.16E+01,5.32E-01,23.73,-50.67,1.33E-03,0.20,4.22,195.59,6
480,700,8.02541,5.05E-05,23.73,-50.67,7.21E-08,0.20,4.22,598.91,3
481,1000,-20.1644,1.00E-03,23.73,-50.67,1.00E-06,0.20,4.22,598.91,3
482,300,32.5598,6.20E-05,23.73,-50.67,2.07E-07,0.20,4.22,598.91,3
483,400,9.29006,2.00E-05,23.73,-50.67,5.00E-08,0.20,4.22,598.91,3
484,700,-15.3459,3.29E-04,23.73,-50.67,4.70E-07,0.20,4.22,598.91,3
485,1000,-24.3591,2.11E-03,23.73,-50.67,2.11E-06,0.20,4.22,598.91,3
486,300,-13.1349,2.09E-05,23.73,-50.67,6.97E-08,0.20,4.22,598.91,3
487,400,-19.922,1.57E-04,23.73,-50.67,3.93E-07,0.20,4.22,598.91,3
488,700,-27.3305,1.60E-03,23.73,-50.67,2.29E-06,0.20,4.22,598.91,3
489,1000,-30.2012,4.47E-03,23.73,-50.67,4.47E-06,0.20,4.22,598.91,3
490,300,-55.6808,5.40E-08,23.73,-50.67,1.80E-10,0.20,4.22,555.64,8
491,400,-45.9919,1.14E-06,23.73,-50.67,2.85E-09,0.20,4.22,555.64,8
492,700,-30.1768,5.46E-05,23.73,-50.67,7.80E-08,0.20,4.22,555.64,8
493,1000,-19.4145,1.44E-04,23.73,-50.67,1.44E-07,0.20,4.22,555.64,8
494,300,-22.2738,2.69E-04,23.73,-50.67,8.97E-07,0.20,4.22,221.92,4
495,400,-22.7685,6.96E-04,23.73,-50.67,1.74E-06,0.20,4.22,221.92,4
496,700,-23.4352,2.39E-03,23.73,-50.67,3.41E-06,0.20,4.22,221.92,4
497,1000,-23.7587,4.43E-03,23.73,-50.67,4.43E-06,0.20,4.22,221.92,4
498,300,4.08735,7.05E-04,23.73,-50.67,2.35E-06,0.000184926,3.81187,1039.77,6
499,400,7.50989,3.13E-03,23.73,-50.67,7.83E-06,0.00080099,3.91172,1039.77,6
500,700,16.5599,2.68E-02,23.73,-50.67,3.84E-05,0.006030526,4.45197,1039.77,6
501,1000,23.9118,7.91E-02,23.73,-50.67,7.91E-05,0.014946413,5.29114,1039.77,6
502,300,3.34933,4.39E-04,23.73,-50.67,1.46E-06,0.000158231,2.77301,1039.77,6
503,400,5.48011,1.53E-03,23.73,-50.67,3.84E-06,0.00049533,3.09729,1039.77,6
504,700,13.9768,1.67E-02,23.73,-50.67,2.39E-05,0.004207081,3.97842,1039.77,6
505,1000,21.1078,5.35E-02,23.73,-50.67,5.35E-05,0.011602871,4.60973,1039.77,6
506,300,6.30124,1.39E-03,23.73,-50.67,4.63E-06,0.000654096,2.12496,1039.77,6
507,400,8.06322,2.93E-03,23.73,-50.67,7.33E-06,0.001234787,2.37444,1039.77,6
508,700,11.6892,1.01E-02,23.73,-50.67,1.44E-05,0.003449371,2.93114,1039.77,6
509,1000,14.6136,2.14E-02,23.73,-50.67,2.14E-05,0.006182272,3.45435,1039.77,6
510,300,138.814,2.32E-01,23.73,-50.67,7.74E-04,0.20,4.22,140.56,3
511,400,153.007,3.47E-01,23.73,-50.67,8.67E-04,0.035498382,9.76717,140.56,3
512,700,203.027,7.36E-01,23.73,-50.67,1.05E-03,0.073515711,10.0099,140.56,3
513,1000,265.993,1.28E+00,23.73,-50.67,1.28E-03,0.152467292,8.39186,140.56,3
514,300,-53.6,1.81E-02,23.73,-50.67,6.03E-05,0.004141796,4.37,187,2
515,400,-67.6,3.22E-02,23.73,-50.67,8.06E-05,0.008981679,3.59,187,2
516,700,-110.3,9.84E-02,23.73,-50.67,1.41E-04,0.039679604,2.48,187,2
517,1000,-167,2.09E-01,23.73,-50.67,2.09E-04,0.108941406,1.92,187,2
518,300,-42.4,2.90E-02,23.73,-50.67,9.67E-05,0.005849969,4.96,305,2
519,400,-57.16,6.01E-02,23.73,-50.67,1.50E-04,0.015454418,3.89,305,2
520,700,-98.3,1.58E-01,23.73,-50.67,2.25E-04,0.057941815,2.72,305,2
521,1000,-158,3.20E-01,23.73,-50.67,3.20E-04,0.149317383,2.14,305,2
522,300,-52.14,5.62E-02,23.73,-50.67,1.87E-04,0.005392806,10.42,240.63,4
523,400,-62.4,1.10E-01,23.73,-50.67,2.74E-04,0.012720218,8.62,240.63,4
524,700,-110,4.96E-01,23.73,-50.67,7.08E-04,0.100710366,4.92,240.63,4
525,1000,-164.9,1.06E+00,23.73,-50.67,1.06E-03,0.337735156,3.14,240.63,4
526,300,-167,1.19E-01,23.73,-50.67,3.98E-04,0.20,4.22,59.83,1
527,400,-188,3.19E-01,23.73,-50.67,7.98E-04,0.20,4.22,59.83,1
528,700,-251,4.81E-01,23.73,-50.67,6.87E-04,0.20,4.22,59.83,1
529,1000,-285,4.43E-01,23.73,-50.67,4.43E-04,0.20,4.22,59.83,1
530,300,-97.6,1.09E-01,23.73,-50.67,3.64E-04,0.018590979,5.88,59.83,1
531,400,-115,3.21E-01,23.73,-50.67,8.01E-04,0.060708962,5.28,59.83,1
532,700,-179,6.13E-01,23.73,-50.67,8.76E-04,0.160048392,3.83,59.83,1
533,1000,-221,6.16E-01,23.73,-50.67,6.16E-04,0.195461682,3.15,59.83,1
534,300,-53.7,1.41E-01,23.73,-50.67,4.70E-04,0.20,4.22,60,1
535,400,-64.7,3.14E-01,23.73,-50.67,7.84E-04,0.20,4.22,60,1
536,700,-113,7.50E-01,23.73,-50.67,1.07E-03,0.20,4.22,60,1
537,1000,-158,1.05E+00,23.73,-50.67,1.05E-03,0.20,4.22,60,1
538,300,-271.305,7.03E-02,23.73,-50.67,2.34E-04,0.011567378,6.0761,208.21,4
539,400,-295.891,4.17E-01,23.73,-50.67,1.04E-03,0.08031864,5.1951,208.21,4
540,700,-255.058,1.65E+00,23.73,-50.67,2.36E-03,0.362358717,4.5516,208.21,4
541,1000,-159.717,1.57E+00,23.73,-50.67,1.57E-03,0.243444308,6.4417,208.21,4
542,300,-177.319,8.17E-01,23.73,-50.67,2.72E-03,0.118473741,6.8928,208.21,4
543,400,-192.458,1.19E+00,23.73,-50.67,2.99E-03,0.203822375,5.8617,208.21,4
544,700,-211.295,2.45E+00,23.73,-50.67,3.50E-03,0.508510843,4.8184,208.21,4
545,1000,-172.594,2.61E+00,23.73,-50.67,2.61E-03,0.414473123,6.2917,208.21,4
546,300,-139.982,8.99E-01,23.73,-50.67,3.00E-03,0.121054378,7.4261,208.21,4
547,400,-158.575,1.38E+00,23.73,-50.67,3.46E-03,0.218564595,6.3283,208.21,4
548,700,-188.543,2.74E+00,23.73,-50.67,3.92E-03,0.539039134,5.085,208.21,4
549,1000,-174.312,3.16E+00,23.73,-50.67,3.16E-03,0.529517135,5.975,208.21,4
550,300,-96.2097,7.92E-01,23.73,-50.67,2.64E-03,0.113786134,6.9595,208.21,4
551,400,-110.94,1.24E+00,23.73,-50.67,3.11E-03,0.195021878,6.3783,208.21,4
552,700,-146.063,2.64E+00,23.73,-50.67,3.77E-03,0.50190418,5.2517,208.21,4
553,1000,-142.549,2.80E+00,23.73,-50.67,2.80E-03,0.509801867,5.4917,208.21,4
554,300,-353.714,1.19E-01,23.73,-50.67,3.98E-04,0.011778524,10.1428,226.87,4
555,400,-342.674,5.37E-01,23.73,-50.67,1.34E-03,0.064001427,8.395,226.87,4
556,700,-284.671,2.03E+00,23.73,-50.67,2.90E-03,0.338827093,5.9849,226.87,4
557,1000,-212.937,2.85E+00,23.73,-50.67,2.85E-03,0.42941353,6.6417,226.87,4
558,300,-170.876,8.00E-01,23.73,-50.67,2.67E-03,0.082668744,9.6761,226.87,4
559,400,-189.025,1.15E+00,23.73,-50.67,2.88E-03,0.140320851,8.2117,226.87,4
560,700,-228.446,2.71E+00,23.73,-50.67,3.87E-03,0.447571084,6.0517,226.87,4
561,1000,-210.789,3.66E+00,23.73,-50.67,3.66E-03,0.603500311,6.0617,226.87,4
562,300,-131.398,8.41E-01,23.73,-50.67,2.80E-03,0.083623065,10.0594,226.87,4
563,400,-148.254,1.27E+00,23.73,-50.67,3.18E-03,0.146507724,8.6783,226.87,4
564,700,-193.681,3.00E+00,23.73,-50.67,4.29E-03,0.465705367,6.4517,226.87,4
565,1000,-196.196,4.05E+00,23.73,-50.67,4.05E-03,0.651557074,6.2083,226.87,4
566,300,-78.184,5.44E-01,23.73,-50.67,1.81E-03,0.061376527,8.8594,226.87,4
567,400,-89.0283,8.70E-01,23.73,-50.67,2.18E-03,0.105970331,8.2117,226.87,4
568,700,-129.304,2.47E+00,23.73,-50.67,3.53E-03,0.370509064,6.6684,226.87,4
569,1000,-150.706,3.87E+00,23.73,-50.67,3.87E-03,0.620411774,6.2417,226.87,4
570,300,50.1234,1.64E-03,23.73,-50.67,5.48E-06,0.20,4.22,147.11,2
571,400,58.0016,3.28E-03,23.73,-50.67,8.20E-06,0.20,4.22,147.11,2
572,700,84.2826,1.73E-02,23.73,-50.67,2.47E-05,0.20,4.22,147.11,2
573,1000,118.607,5.40E-02,23.73,-50.67,5.40E-05,0.20,4.22,147.11,2
574,300,62.1344,2.84E-03,23.73,-50.67,9.47E-06,0.20,4.22,147.11,2
575,400,70.013,5.18E-03,23.73,-50.67,1.30E-05,0.20,4.22,147.11,2
576,700,88.58,2.19E-02,23.73,-50.67,3.12E-05,0.20,4.22,147.11,2
577,1000,123.896,8.04E-02,23.73,-50.67,8.04E-05,0.20,4.22,147.11,2
578,300,59.7107,1.79E-03,23.73,-50.67,5.98E-06,0.20,4.22,147.11,2
579,400,68.4692,4.85E-03,23.73,-50.67,1.21E-05,0.20,4.22,147.11,2
580,700,92.437,2.89E-02,23.73,-50.67,4.13E-05,0.20,4.22,147.11,2
581,1000,126.87,1.07E-01,23.73,-50.67,1.07E-04,0.20,4.22,147.11,2
582,300,65.3296,2.97E-03,23.73,-50.67,9.90E-06,0.20,4.22,147.11,2
583,400,73.0975,5.74E-03,23.73,-50.67,1.43E-05,0.20,4.22,147.11,2
584,700,95.0781,2.75E-02,23.73,-50.67,3.94E-05,0.20,4.22,147.11,2
585,1000,131.717,9.86E-02,23.73,-50.67,9.86E-05,0.20,4.22,147.11,2
586,300,21.5075,2.73E-02,23.73,-50.67,9.09E-05,0.014074574,1.9384,269.41,1
587,400,27.071,5.31E-02,23.73,-50.67,1.33E-04,0.025225214,2.1055,269.41,1
588,700,51.22,2.65E-01,23.73,-50.67,3.78E-04,0.098456051,2.6905,269.41,1
589,1000,69.9615,6.01E-01,23.73,-50.67,6.01E-04,0.188309984,3.1915,269.41,1
590,300,27.2882,3.24E-02,23.73,-50.67,1.08E-04,0.022591533,1.4323,816.76,3
591,400,30.9869,5.21E-02,23.73,-50.67,1.30E-04,0.032042529,1.6274,816.76,3
592,700,47.6766,1.81E-01,23.73,-50.67,2.59E-04,0.077021527,2.3532,816.76,3
593,1000,57.4673,3.43E-01,23.73,-50.67,3.43E-04,0.119165632,2.8822,816.76,3
594,300,22.6264,2.36E-02,23.73,-50.67,7.88E-05,0.015874132,1.4885,807.22,3
595,400,28.1894,4.72E-02,23.73,-50.67,1.18E-04,0.025493657,1.8524,807.22,3
596,700,45.2526,1.89E-01,23.73,-50.67,2.70E-04,0.068003082,2.775,807.22,3
597,1000,53.9242,3.52E-01,23.73,-50.67,3.52E-04,0.103044764,3.4165,807.22,3
598,300,8.26675,3.32E-03,23.73,-50.67,1.11E-05,0.001935215,1.7135,801.34,3
599,400,9.16846,6.57E-03,23.73,-50.67,1.64E-05,0.002820619,2.3304,801.34,3
600,700,20.8232,6.65E-02,23.73,-50.67,9.49E-05,0.015683881,4.2372,801.34,3
601,1000,33.2249,2.36E-01,23.73,-50.67,2.36E-04,0.039452953,5.9752,801.34,3
602,300,47.8006,8.24E-02,23.73,-50.67,2.75E-04,0.061143091,1.3479,853.58,6
603,400,61.5689,1.48E-01,23.73,-50.67,3.70E-04,0.103404799,1.4306,853.58,6
604,700,105.3,4.60E-01,23.73,-50.67,6.57E-04,0.256694711,1.7908,853.58,6
605,1000,132.993,8.12E-01,23.73,-50.67,8.12E-04,0.39819721,2.0386,853.58,6
606,300,-82.6524,5.53E-02,23.73,-50.67,1.84E-04,0.015401826,3.5909,213.57,4
607,400,-100.786,1.02E-01,23.73,-50.67,2.54E-04,0.032308362,3.1467,213.57,4
608,700,-119.707,2.01E-01,23.73,-50.67,2.87E-04,0.090646689,2.2145,213.57,4
609,1000,-96.0071,1.78E-01,23.73,-50.67,1.78E-04,0.096459952,1.8414,213.57,4
610,300,-49.1829,9.95E-03,23.73,-50.67,3.32E-05,0.20,4.22,215.14,4
611,400,-55.3822,1.90E-02,23.73,-50.67,4.76E-05,0.20,4.22,215.14,4
612,700,-59.9632,3.78E-02,23.73,-50.67,5.40E-05,0.20,4.22,215.14,4
613,1000,-80.4739,8.21E-02,23.73,-50.67,8.21E-05,0.20,4.22,215.14,4
614,300,-86.6384,1.27E-02,23.73,-50.67,4.23E-05,0.20,4.22,215.14,4
615,400,-91.2314,2.20E-02,23.73,-50.67,5.50E-05,0.20,4.22,215.14,4
616,700,-102.587,4.65E-02,23.73,-50.67,6.64E-05,0.20,4.22,215.14,4
617,1000,-107.567,6.57E-02,23.73,-50.67,6.57E-05,0.20,4.22,215.14,4
618,300,-102.175,3.63E-02,23.73,-50.67,1.21E-04,0.20,4.22,210.39,4
619,400,-105.968,6.01E-02,23.73,-50.67,1.50E-04,0.20,4.22,210.39,4
620,700,-146.796,1.91E-01,23.73,-50.67,2.73E-04,0.20,4.22,210.39,4
621,1000,-122.707,1.92E-01,23.73,-50.67,1.92E-04,0.20,4.22,210.39,4
622,300,-69.9028,3.17E-04,23.73,-50.67,1.06E-06,0.20,4.22,210.39,4
623,400,-70.9189,1.75E-03,23.73,-50.67,4.36E-06,0.20,4.22,210.39,4
624,700,-81.0778,6.86E-03,23.73,-50.67,9.80E-06,0.20,4.22,210.39,4
625,1000,-70.1149,7.65E-03,23.73,-50.67,7.65E-06,0.20,4.22,210.39,4
626,300,-93.0096,3.26E-02,23.73,-50.67,1.09E-04,0.20,4.22,212.03,4
627,400,-98.403,5.54E-02,23.73,-50.67,1.39E-04,0.20,4.22,212.03,4
628,700,-116.934,1.12E-01,23.73,-50.67,1.60E-04,0.20,4.22,212.03,4
629,1000,-88.437,7.60E-02,23.73,-50.67,7.60E-05,0.20,4.22,212.03,4
630,300,-274.285,5.07E-02,23.73,-50.67,1.69E-04,0.20,4.22,212.03,4
631,400,-266.152,5.40E-02,23.73,-50.67,1.35E-04,0.20,4.22,212.03,4
632,700,-277.092,8.88E-02,23.73,-50.67,1.27E-04,0.20,4.22,212.03,4
633,1000,-114.746,2.81E-02,23.73,-50.67,2.81E-05,0.20,4.22,212.03,4
634,300,-348.389,1.69E-02,23.73,-50.67,5.65E-05,0.20,4.22,212.03,4
635,400,-356.591,2.49E-02,23.73,-50.67,6.21E-05,0.20,4.22,212.03,4
636,700,-410.971,5.12E-02,23.73,-50.67,7.32E-05,0.20,4.22,212.03,4
637,1000,-234.678,3.18E-02,23.73,-50.67,3.18E-05,0.20,4.22,212.03,4
638,300,-283.848,1.10E-03,23.73,-50.67,3.67E-06,0.20,4.22,212.03,4
639,400,-281.694,1.38E-03,23.73,-50.67,3.45E-06,0.20,4.22,212.03,4
640,700,-255.18,2.19E-03,23.73,-50.67,3.13E-06,0.20,4.22,212.03,4
641,1000,-145.433,4.42E-03,23.73,-50.67,4.42E-06,0.20,4.22,212.03,4
642,300,-476.683,9.77E-04,23.73,-50.67,3.26E-06,0.000326866,2.9898,206.97,4
643,400,-460.992,2.96E-03,23.73,-50.67,7.41E-06,0.00093196,3.1783,206.97,4
644,700,-332.067,1.59E-02,23.73,-50.67,2.27E-05,0.004804282,3.3114,206.97,4
645,1000,-192.833,4.25E-02,23.73,-50.67,4.25E-05,0.012337283,3.4447,206.97,4
646,300,1235.43,2.49E-03,23.73,-50.67,8.31E-06,0.000378505,6.5859,131.06,3
647,400,916.284,1.80E-03,23.73,-50.67,4.49E-06,0.000292025,6.1557,131.06,3
648,700,633.893,8.25E-03,23.73,-50.67,1.18E-05,0.001689722,4.8843,131.06,3
649,1000,617.422,2.29E-02,23.73,-50.67,2.29E-05,0.00617642,3.7083,131.06,3
650,300,525.19,1.35E-03,23.73,-50.67,4.51E-06,0.000194341,6.9663,131.06,3
651,400,444.688,4.50E-03,23.73,-50.67,1.13E-05,0.000702824,6.4029,131.06,3
652,700,428.212,2.72E-02,23.73,-50.67,3.88E-05,0.004765211,5.7042,131.06,3
653,1000,445.826,5.43E-02,23.73,-50.67,5.43E-05,0.01097686,4.9475,131.06,3
654,300,311.548,2.79E-03,23.73,-50.67,9.29E-06,0.000368593,7.5581,131.12,3
655,400,332.182,7.75E-03,23.73,-50.67,1.94E-05,0.001155855,6.7086,131.12,3
656,700,367.981,3.58E-02,23.73,-50.67,5.11E-05,0.006125187,5.8378,131.12,3
657,1000,403.782,7.02E-02,23.73,-50.67,7.02E-05,0.014529805,4.833,131.12,3
658,300,199.047,1.17E-02,23.73,-50.67,3.89E-05,0.001636395,7.1396,131.14,3
659,400,241.278,3.36E-02,23.73,-50.67,8.40E-05,0.005199749,6.4607,131.14,3
660,700,289.576,1.21E-01,23.73,-50.67,1.73E-04,0.021350298,5.6659,131.14,3
661,1000,325.374,2.25E-01,23.73,-50.67,2.25E-04,0.047104642,4.7763,131.14,3
662,300,196.762,1.09E-02,23.73,-50.67,3.63E-05,0.001171477,9.2934,131.2,3
663,400,225.369,3.07E-02,23.73,-50.67,7.68E-05,0.003505948,8.7669,131.2,3
664,700,270.256,1.09E-01,23.73,-50.67,1.56E-04,0.013673064,7.9727,131.2,3
665,1000,303.784,2.08E-01,23.73,-50.67,2.08E-04,0.03041577,6.8542,131.2,3
666,300,208.131,1.72E-02,23.73,-50.67,5.74E-05,0.001808913,9.5221,131.16,3
667,400,241.265,4.26E-02,23.73,-50.67,1.07E-04,0.0047257,9.0158,131.16,3
668,700,281.605,1.37E-01,23.73,-50.67,1.95E-04,0.0168798,8.0871,131.16,3
669,1000,325.387,2.60E-01,23.73,-50.67,2.60E-04,0.037136033,6.9878,131.16,3
670,300,8.19E+01,6.83E-01,23.73,-50.67,2.28E-03,0.035775294,19.08,75.67,1
671,400,98,1.09E+00,23.73,-50.67,2.71E-03,0.080229444,13.53,75.67,1
672,700,146,3.08E+00,23.73,-50.67,4.40E-03,0.540286341,5.7025,75.67,1
673,1000,200,6.67E+00,23.73,-50.67,6.67E-03,1.399413646,4.7639,75.67,1
674,300,104,1.54E-01,23.73,-50.67,5.14E-04,0.080921257,1.904,75.67,1
675,400,118,2.20E-01,23.73,-50.67,5.51E-04,0.120081428,1.834,75.67,1
676,700,161,5.34E-01,23.73,-50.67,7.62E-04,0.254977376,2.093,75.67,1
677,1000,175,7.66E-01,23.73,-50.67,7.66E-04,0.344302289,2.2237,75.67,1
678,700,-159.904,2.11E-02,23.73,-50.67,3.01E-05,0.20,4.22,47.62,2
679,1000,-190.963,6.02E-02,23.73,-50.67,6.02E-05,0.20,4.22,47.62,2
680,700,-133.608,1.84E-02,23.73,-50.67,2.62E-05,0.20,4.22,47.62,2
681,1000,-182.054,1.30E-01,23.73,-50.67,1.30E-04,0.20,4.22,47.62,2
682,700,-124.909,2.19E-02,23.73,-50.67,3.14E-05,0.20,4.22,47.62,2
683,1000,-173.573,1.55E-01,23.73,-50.67,1.55E-04,0.20,4.22,47.62,2
684,700,-112.738,1.90E-02,23.73,-50.67,2.71E-05,0.20,4.22,47.62,2
685,1000,-164.443,1.48E-01,23.73,-50.67,1.48E-04,0.20,4.22,47.62,2
686,700,-170.775,6.04E-02,23.73,-50.67,8.62E-05,0.20,4.22,47.62,2
687,1000,-217.259,2.71E-01,23.73,-50.67,2.71E-04,0.20,4.22,47.62,2
688,700,-147.96,5.21E-02,23.73,-50.67,7.45E-05,0.20,4.22,47.62,2
689,1000,-212.256,2.83E-01,23.73,-50.67,2.83E-04,0.20,4.22,47.62,2
690,700,-143.177,5.52E-02,23.73,-50.67,7.88E-05,0.20,4.22,47.62,2
691,1000,-205.305,2.92E-01,23.73,-50.67,2.92E-04,0.20,4.22,47.62,2
692,700,-139.044,5.75E-02,23.73,-50.67,8.22E-05,0.20,4.22,47.62,2
693,1000,-195.093,2.87E-01,23.73,-50.67,2.87E-04,0.20,4.22,47.62,2
694,300,-178.765,9.84E-02,23.73,-50.67,3.28E-04,0.024064225,4.087,226.87,4
695,400,-208.592,2.78E-01,23.73,-50.67,6.95E-04,0.078795216,3.53,226.87,4
696,700,-236.062,1.80E+00,23.73,-50.67,2.57E-03,0.549896257,3.274,226.87,4
697,300,-188.659,1.18E-01,23.73,-50.67,3.94E-04,0.030958179,3.814,226.87,4
698,400,-233.589,4.27E-01,23.73,-50.67,1.07E-03,0.127573719,3.345,226.87,4
699,700,-276.689,3.03E+00,23.73,-50.67,4.33E-03,0.949138206,3.196,226.87,4
700,300,-369.912,4.77E-01,23.73,-50.67,1.59E-03,0.150488885,3.17,226.87,4
701,400,-379.426,1.04E+00,23.73,-50.67,2.59E-03,0.365565734,2.837,226.87,4
702,700,-348.046,3.72E+00,23.73,-50.67,5.31E-03,1.263615091,2.942,226.87,4
703,300,-311.579,6.12E-01,23.73,-50.67,2.04E-03,0.199889676,3.0626,226.87,4
704,400,-329.939,1.29E+00,23.73,-50.67,3.22E-03,0.4288356,3.003,226.87,4
705,700,-328.251,4.62E+00,23.73,-50.67,6.60E-03,1.419170654,3.254,226.87,4
706,300,-252.204,3.96E-01,23.73,-50.67,1.32E-03,0.116775879,3.394,226.87,4
707,400,-264.835,8.95E-01,23.73,-50.67,2.24E-03,0.291429498,3.072,226.87,4
708,700,-260.541,3.21E+00,23.73,-50.67,4.58E-03,1.016372274,3.157,226.87,4
709,300,68.2676,1.41E-01,23.73,-50.67,4.69E-04,0.20,4.22,762.3,2
710,400,87.0227,2.87E-01,23.73,-50.67,7.17E-04,0.20,4.22,762.3,2
711,700,128.846,8.92E-01,23.73,-50.67,1.28E-03,0.20,4.22,762.3,2
712,1000,156.737,1.41E+00,23.73,-50.67,1.41E-03,0.20,4.22,762.3,2
713,300,86.5388,1.53E-01,23.73,-50.67,5.09E-04,0.1113909,1.37,756.81,2
714,400,107.702,2.85E-01,23.73,-50.67,7.13E-04,0.20,4.22,756.81,2
715,700,149.997,7.80E-01,23.73,-50.67,1.12E-03,0.20,4.22,756.81,2
716,1000,176.441,1.35E+00,23.73,-50.67,1.35E-03,0.20,4.22,756.81,2
717,300,104.331,1.19E-01,23.73,-50.67,3.97E-04,0.20,4.22,756.81,2
718,400,123.077,2.11E-01,23.73,-50.67,5.26E-04,0.20,4.22,756.81,2
719,700,162.016,5.55E-01,23.73,-50.67,7.93E-04,0.20,4.22,756.81,2
720,1000,189.903,1.06E+00,23.73,-50.67,1.06E-03,0.20,4.22,756.81,2
721,300,107.699,7.36E-02,23.73,-50.67,2.45E-04,0.20,4.22,747,2
722,400,134.608,1.51E-01,23.73,-50.67,3.76E-04,0.20,4.22,747,2
723,700,163.937,3.86E-01,23.73,-50.67,5.51E-04,0.20,4.22,747,2
724,1000,117.784,2.78E-01,23.73,-50.67,2.78E-04,0.20,4.22,747,2
725,300,-87.0125,2.17E-02,23.73,-50.67,7.24E-05,0.20,4.22,747,2
726,400,-102.424,4.26E-02,23.73,-50.67,1.06E-04,0.20,4.22,747,2
727,700,-140.861,2.28E-01,23.73,-50.67,3.26E-04,0.20,4.22,747,2
728,1000,-138.009,4.25E-01,23.73,-50.67,4.25E-04,0.20,4.22,747,2
729,300,16.3458,1.31E-04,23.73,-50.67,4.38E-07,0.20,4.22,747,2
730,400,12.0057,1.29E-04,23.73,-50.67,3.23E-07,0.20,4.22,747,2
731,700,-35.5636,7.42E-03,23.73,-50.67,1.06E-05,0.20,4.22,747,2
732,1000,-89.9103,2.03E-01,23.73,-50.67,2.03E-04,0.20,4.22,747,2
733,300,108.391,2.15E-01,23.73,-50.67,7.15E-04,0.134070829,1.6,752.85,2
734,400,142.661,4.45E-01,23.73,-50.67,1.11E-03,0.277984857,1.6,752.85,2
735,700,210.479,1.34E+00,23.73,-50.67,1.91E-03,0.852255776,1.57,752.85,2
736,300,-177.252,1.01E-01,23.73,-50.67,3.37E-04,0.0256,3.948955807,226.87,4
737,700,-237.912,1.68E+00,23.73,-50.67,2.40E-03,0.539,3.113096927,226.87,4
738,300,-250,7.79E-01,23.73,-50.67,2.60E-03,0.2697,2.887113404,226.87,4
739,400,-281,1.46E+00,23.73,-50.67,3.64E-03,0.537,2.712932995,226.87,4
740,700,-307,4.27E+00,23.73,-50.67,6.10E-03,1.45,2.946859925,226.87,4
741,300,-211,1.15E+00,23.73,-50.67,3.82E-03,0.414,2.766860566,226.87,4
742,400,-237,1.79E+00,23.73,-50.67,4.48E-03,0.678,2.645541521,226.87,4
743,700,-274,3.99E+00,23.73,-50.67,5.69E-03,1.3448,2.963660104,226.87,4
744,300,-181.756,1.13E-01,23.73,-50.67,3.77E-04,0.20,4.22,226.87,4
745,700,-287.251,2.69E+00,23.73,-50.67,3.84E-03,0.20,4.22,226.87,4
746,300,-329.724,3.88E-01,23.73,-50.67,1.29E-03,0.20,4.22,226.87,4
747,700,-345.217,3.55E+00,23.73,-50.67,5.08E-03,0.20,4.22,226.87,4
748,300,-316.151,3.55E-01,23.73,-50.67,1.18E-03,0.20,4.22,226.87,4
749,700,-358.019,4.41E+00,23.73,-50.67,6.31E-03,0.20,4.22,226.87,4
750,300,-303.567,5.59E-01,23.73,-50.67,1.86E-03,0.20,4.22,226.87,4
751,700,-333.898,4.13E+00,23.73,-50.67,5.90E-03,0.20,4.22,226.87,4
752,300,-250.711,4.04E-01,23.73,-50.67,1.35E-03,0.20,4.22,226.87,4
753,700,-260.931,2.83E+00,23.73,-50.67,4.04E-03,0.20,4.22,226.87,4
754,300,-63.5492,2.62E-02,23.73,-50.67,8.74E-05,0.003295691,7.96,60.64,1
755,400,-76.9741,5.22E-02,23.73,-50.67,1.30E-04,0.006089889,8.57,60.64,1
756,700,-122.314,2.27E-01,23.73,-50.67,3.24E-04,0.036960421,6.14,60.64,1
757,1000,-163.115,4.73E-01,23.73,-50.67,4.73E-04,0.185091706,2.555,60.64,1
758,300,-49.7,7.71E-03,23.73,-50.67,2.57E-05,0.001837111,4.195,60.64,1
759,400,-70.5,4.97E-02,23.73,-50.67,1.24E-04,0.013289439,3.74,60.64,1
760,700,-147,3.30E-01,23.73,-50.67,4.71E-04,0.104023136,3.17,60.64,1
761,1000,-191.6,4.41E-01,23.73,-50.67,4.41E-04,0.148325495,2.97,60.64,1
762,300,-32.5,1.22E-02,23.73,-50.67,4.07E-05,0.00197087,6.19,60.64,1
763,400,-42.2,3.70E-02,23.73,-50.67,9.24E-05,0.006910325,5.35,60.64,1
764,700,-96,2.84E-01,23.73,-50.67,4.06E-04,0.073446995,3.87,60.64,1
765,1000,-141.8,4.81E-01,23.73,-50.67,4.81E-04,0.141466893,3.397,60.64,1
766,300,-34.4,1.93E-02,23.73,-50.67,6.44E-05,0.003492303,5.53,60.64,1
767,400,-44.9,5.47E-02,23.73,-50.67,1.37E-04,0.011319708,4.83,60.64,1
768,700,-94.4,3.19E-01,23.73,-50.67,4.56E-04,0.092574824,3.45,60.64,1
769,1000,-140,4.96E-01,23.73,-50.67,4.96E-04,0.155117618,3.1968,60.64,1
770,300,-22.6,6.82E-03,23.73,-50.67,2.27E-05,0.001140242,5.98,60.64,1
771,400,-31.5,2.19E-02,23.73,-50.67,5.49E-05,0.004149068,5.29,60.64,1
772,700,-80.7,2.45E-01,23.73,-50.67,3.50E-04,0.06510758,3.76,60.64,1
773,1000,-124,4.81E-01,23.73,-50.67,4.81E-04,0.14946236,3.22,60.64,1
774,300,122.133,1.94E-01,23.73,-50.67,6.46E-04,0.251703686,0.77,1610.64,9
775,400,148.361,3.30E-01,23.73,-50.67,8.24E-04,0.44564167,0.74,1610.64,9
776,700,184.769,7.12E-01,23.73,-50.67,1.02E-03,0.962807505,0.74,1610.64,9
777,300,126.887,2.27E-01,23.73,-50.67,7.57E-04,0.298944741,0.76,1610.64,9
778,400,155.085,3.90E-01,23.73,-50.67,9.75E-04,0.524900307,0.743,1610.64,9
779,700,188.372,7.85E-01,23.73,-50.67,1.12E-03,1.055896648,0.743,1610.64,9
780,300,135.898,2.55E-01,23.73,-50.67,8.50E-04,0.325550215,0.783,1610.64,9
781,400,160.988,4.13E-01,23.73,-50.67,1.03E-03,0.550827792,0.75,1610.64,9
782,700,191.811,7.83E-01,23.73,-50.67,1.12E-03,1.044056216,0.75,1610.64,9
783,300,-301,1.05E-02,23.73,-50.67,3.49E-05,0.000214908,48.7,47.62,2
784,400,-293.962,8.88E-03,23.73,-50.67,2.22E-05,0.000267412,33.22,47.62,2
785,700,-329.869,4.26E-03,23.73,-50.67,6.09E-06,0.000291113,14.65,47.62,2
786,1000,-436.926,6.43E-03,23.73,-50.67,6.43E-06,0.000749156,8.58,47.62,2
787,300,-154.022,1.27E-01,23.73,-50.67,4.22E-04,0.002844301,44.495,47.62,2
788,400,-190.595,2.36E-01,23.73,-50.67,5.89E-04,0.007800677,30.21,47.62,2
789,700,-166.107,2.12E-01,23.73,-50.67,3.03E-04,0.015658013,13.525,47.62,2
790,1000,-231.536,6.16E-01,23.73,-50.67,6.16E-04,0.074607606,8.25,47.62,2
791,300,-178.859,3.48E-01,23.73,-50.67,1.16E-03,0.00783126,44.495,47.62,2
792,400,-204.023,4.91E-01,23.73,-50.67,1.23E-03,0.016265504,30.21,47.62,2
793,700,-182.219,5.84E-01,23.73,-50.67,8.34E-04,0.043166624,13.525,47.62,2
794,1000,-167.118,6.11E-01,23.73,-50.67,6.11E-04,0.074061501,8.25,47.62,2
795,300,-137.914,4.75E-01,23.73,-50.67,1.58E-03,0.011779875,40.29,47.62,2
796,400,-147.654,6.77E-01,23.73,-50.67,1.69E-03,0.024887514,27.2,47.62,2
797,700,-171.48,1.39E+00,23.73,-50.67,1.99E-03,0.112228538,12.4,47.62,2
798,1000,-175,1.68E+00,23.73,-50.67,1.68E-03,0.212496077,7.92,47.62,2
799,300,-174.827,6.96E-01,23.73,-50.67,2.32E-03,0.02016133,34.5,47.62,2
800,400,-173.816,7.80E-01,23.73,-50.67,1.95E-03,0.038531371,20.25,47.62,2
801,700,-195.646,1.28E+00,23.73,-50.67,1.83E-03,0.089681724,14.3,47.62,2
802,1000,-200.026,1.42E+00,23.73,-50.67,1.42E-03,0.227868794,6.23,47.62,2
803,300,-39.5353,9.35E-06,23.73,-50.67,3.12E-08,1.59E-06,5.88,60.64,1
804,400,-47.5373,2.41E-04,23.73,-50.67,6.02E-07,5.13E-05,4.696,60.64,1
805,700,-99.982,1.27E-02,23.73,-50.67,1.81E-05,0.003633236,3.49,60.64,1
806,1000,-176.694,1.28E-01,23.73,-50.67,1.28E-04,0.041526869,3.078,60.64,1
807,300,-42.79,8.32E-02,23.73,-50.67,2.77E-04,0.04894993,1.7,1254.12,1
808,300,-49.65,9.46E-02,23.73,-50.67,3.15E-04,0.062217051,1.52,1254.12,1
809,400,-55.98,1.65E-01,23.73,-50.67,4.12E-04,0.101186968,1.63,1254.12,1
810,400,-62.16,1.72E-01,23.73,-50.67,4.29E-04,0.120934761,1.42,1254.12,1
811,700,-102.27,5.95E-01,23.73,-50.67,8.50E-04,0.367429842,1.62,1254.12,1
812,700,-107.38,5.01E-01,23.73,-50.67,7.16E-04,0.385634261,1.3,1254.12,1
813,1000,-141.98,1.18E+00,23.73,-50.67,1.18E-03,0.736780716,1.6,1254.12,1
814,1000,-144.4,9.35E-01,23.73,-50.67,9.35E-04,0.742094099,1.26,1254.12,1
815,300,105.3,4.30E-01,23.73,-50.67,1.43E-03,0.20,4.22,3250.47,8
816,300,154.2,8.39E-01,23.73,-50.67,2.80E-03,0.559473882,1.5,3250.47,8
817,300,-50,1.13E-01,23.73,-50.67,3.78E-04,0.05839848,1.94,1254.12,1
818,400,-75,2.84E-01,23.73,-50.67,7.11E-04,0.15891065,1.79,1254.12,1
819,700,-150,1.11E+00,23.73,-50.67,1.59E-03,0.711999566,1.56,1254.12,1
820,1000,-200,2.00E+00,23.73,-50.67,2.00E-03,1.401404207,1.43,1254.12,1
821,300,256,3.06E-01,23.73,-50.67,1.02E-03,0.636679814,0.481,1025.05,2
822,400,337.9,4.09E-01,23.73,-50.67,1.02E-03,0.999677445,0.409,1025.05,2
823,300,-41.3,1.58E-01,23.73,-50.67,5.26E-04,0.053719136,2.94,175.2,1
824,400,-54.85,2.41E-01,23.73,-50.67,6.03E-04,0.100068103,2.41,175.2,1
825,700,-89.12,5.86E-01,23.73,-50.67,8.38E-04,0.277944192,2.11,175.2,1
826,300,-50.8,1.68E-01,23.73,-50.67,5.61E-04,0.058035382,2.9,175.2,1
827,400,-70.8,2.75E-01,23.73,-50.67,6.89E-04,0.109728996,2.51,175.2,1
828,700,-128.9,5.35E-01,23.73,-50.67,7.64E-04,0.274353006,1.95,175.2,1
829,300,-64.8,2.64E-01,23.73,-50.67,8.78E-04,0.099074464,2.66,175.2,1
830,400,-88.8,3.71E-01,23.73,-50.67,9.28E-04,0.182797798,2.03,175.2,1
831,700,-140.8,6.38E-01,23.73,-50.67,9.12E-04,0.377708802,1.69,175.2,1
832,300,-102,9.46E-02,23.73,-50.67,3.15E-04,0.05085044,1.86,1132.02,1
833,400,-118.1,1.63E-01,23.73,-50.67,4.08E-04,0.101322945,1.61,1132.02,1
834,700,-98.25,2.35E-01,23.73,-50.67,3.36E-04,0.096098183,2.45,1132.02,1
835,300,106.2,1.45E-01,23.73,-50.67,4.82E-04,0.081692308,1.77,1132.02,1
836,400,126.5,2.53E-01,23.73,-50.67,6.33E-04,0.15617284,1.62,1132.02,1
837,700,136.48,4.74E-01,23.73,-50.67,6.77E-04,0.19673713,2.41,1132.02,1
838,300,46.24,1.04E-01,23.73,-50.67,3.47E-04,0.047688674,2.18,1132.02,1
839,400,56.99,1.85E-01,23.73,-50.67,4.63E-04,0.079426289,2.33,1132.02,1
840,700,76.87,5.24E-01,23.73,-50.67,7.49E-04,0.177710375,2.95,1132.02,1
841,300,-25,1.14E-04,23.73,-50.67,3.79E-07,8.74E-05,1.3,1204.18,4
842,300,220,6.91E-03,23.73,-50.67,2.30E-05,0.20,4.22,1468,1
843,300,-160,5.30E-08,23.73,-50.67,1.77E-10,6.76E-08,0.783,374.96,2
844,300,345,2.75E-05,23.73,-50.67,9.16E-08,7.29E-05,0.377,500.1,2
845,300,-151,4.73E-01,23.73,-50.67,1.58E-03,0.055522276,8.52,258.55,4
846,400,-164.4,6.34E-01,23.73,-50.67,1.58E-03,0.111175665,5.7,258.55,4
847,700,-231,1.18E+00,23.73,-50.67,1.68E-03,0.322249944,3.66,258.55,4
848,300,-107,4.19E-01,23.73,-50.67,1.40E-03,0.059161844,7.08,258.55,4
849,400,-149,9.85E-01,23.73,-50.67,2.46E-03,0.194186052,5.07,258.55,4
850,700,-217,2.09E+00,23.73,-50.67,2.99E-03,0.636122931,3.29,258.55,4
851,300,-76.6,3.61E-01,23.73,-50.67,1.20E-03,0.058556925,6.16,258.55,4
852,400,-101,7.54E-01,23.73,-50.67,1.89E-03,0.15845229,4.76,258.55,4
853,700,-153,1.76E+00,23.73,-50.67,2.52E-03,0.499678292,3.53,258.55,4
854,300,-67.7,3.73E-01,23.73,-50.67,1.24E-03,0.056889344,6.55,258.55,4
855,400,-83.5,7.04E-01,23.73,-50.67,1.76E-03,0.130178868,5.41,258.55,4
856,700,-121.2,1.66E+00,23.73,-50.67,2.37E-03,0.385970744,4.29,258.55,4
857,300,-61,3.38E-01,23.73,-50.67,1.13E-03,0.051644691,6.55,258.55,4
858,400,-78.6,7.10E-01,23.73,-50.67,1.78E-03,0.125019427,5.68,258.55,4
859,700,-125,1.92E+00,23.73,-50.67,2.75E-03,0.436870906,4.4,258.55,4
860,300,-82.9,1.36E-01,23.73,-50.67,4.52E-04,0.019023797,7.13,258.55,4
861,400,-110.3,4.02E-01,23.73,-50.67,1.01E-03,0.07143602,5.63,258.55,4
862,700,-174.9,1.72E+00,23.73,-50.67,2.45E-03,0.476989374,3.6,258.55,4
863,1000,-212.3,2.43E+00,23.73,-50.67,2.43E-03,0.88258266,2.75,258.55,4
864,300,-83,1.38E-01,23.73,-50.67,4.59E-04,0.046234899,2.98,258.35,4
865,400,-117.5,4.35E-01,23.73,-50.67,1.09E-03,0.165970427,2.62,258.35,4
866,700,-176.2,1.59E+00,23.73,-50.67,2.27E-03,0.817687862,1.94,258.35,4
867,1000,-187.7,1.60E+00,23.73,-50.67,1.60E-03,0.925677614,1.73,258.35,4
868,300,26,1.64E-05,23.73,-50.67,5.45E-08,2.09E-06,7.83,258.55,4
869,400,178,3.07E-03,23.73,-50.67,7.67E-06,0.000506381,6.06,258.55,4
870,700,149,3.91E-02,23.73,-50.67,5.59E-05,0.010666305,3.67,258.55,4
871,1000,192,5.59E-01,23.73,-50.67,5.59E-04,0.176754891,3.16,258.55,4
872,300,30.42,5.41E-04,23.73,-50.67,1.80E-06,0.000131668,4.11,258.35,4
873,400,157.9,3.51E-02,23.73,-50.67,8.78E-05,0.011364424,3.09,258.35,4
874,700,318.8,4.77E-01,23.73,-50.67,6.82E-04,0.185786979,2.57,258.35,4
875,1000,224,9.22E-01,23.73,-50.67,9.22E-04,0.265043949,3.48,258.35,4
876,300,388,1.78E-02,23.73,-50.67,5.92E-05,0.088764151,0.2,4758.66,6
877,400,327,5.14E-02,23.73,-50.67,1.29E-04,0.244800824,0.21,4758.66,6
878,700,311,2.56E-01,23.73,-50.67,3.66E-04,1.282285985,0.2,4758.66,6
879,300,219,3.43E-01,23.73,-50.67,1.14E-03,0.067304238,5.09,1045.95,4
880,300,285,1.05E-01,23.73,-50.67,3.51E-04,0.011610217,9.07,2027.01,8
881,300,163,1.84E-01,23.73,-50.67,6.14E-04,0.027271234,6.75,1045.95,4
882,300,145,1.97E-01,23.73,-50.67,6.55E-04,0.20,4.22,1045.95,4
883,300,-320,2.38E-01,23.73,-50.67,7.94E-04,0.293999426,0.81,1233.18,1
884,300,-154,2.72E-01,23.73,-50.67,9.05E-04,0.223320108,1.216,1233.18,1
885,300,-128,2.53E-01,23.73,-50.67,8.45E-04,0.239019646,1.06,1233.18,1
886,300,149,2.36E-01,23.73,-50.67,7.88E-04,0.118216187,2,1254.12,1
887,400,185,4.49E-01,23.73,-50.67,1.12E-03,0.224499836,2,1254.12,1
888,700,288,1.25E+00,23.73,-50.67,1.79E-03,0.627006479,2,1254.12,1
889,1000,289,1.34E+00,23.73,-50.67,1.34E-03,0.668168,2,1254.12,1
890,300,-78.9,2.41E-02,23.73,-50.67,8.02E-05,0.01603609,1.5,1254.12,1
891,400,-112.9,7.14E-02,23.73,-50.67,1.78E-04,0.05098462,1.4,1254.12,1
892,700,-219,4.53E-01,23.73,-50.67,6.47E-04,0.411440231,1.1,1254.12,1
893,1000,-266,9.63E-01,23.73,-50.67,9.63E-04,0.962666667,1,1254.12,1
894,300,-188.6,9.61E-02,23.73,-50.67,3.20E-04,0.20,4.22,1595.46,1
895,400,-233,1.89E-01,23.73,-50.67,4.72E-04,0.20,4.22,1595.46,1
896,700,-138,1.92E-01,23.73,-50.67,2.74E-04,0.20,4.22,1595.46,1
897,300,-71.9,1.97E-01,23.73,-50.67,6.58E-04,0.20,4.22,1233.18,1
898,400,-94.9,3.94E-01,23.73,-50.67,9.85E-04,0.20,4.22,1233.18,1
899,700,-139,9.59E-01,23.73,-50.67,1.37E-03,0.20,4.22,1233.18,1
900,300,-62,1.72E-01,23.73,-50.67,5.75E-04,0.20,4.22,1254.12,1
901,400,-100.8,4.84E-01,23.73,-50.67,1.21E-03,0.20,4.22,1254.12,1
902,700,-186,1.72E+00,23.73,-50.67,2.45E-03,0.20,4.22,1254.12,1
903,300,-49.3,5.98E-02,23.73,-50.67,1.99E-04,0.20,4.22,1254.12,1
904,400,-62.8,1.19E-01,23.73,-50.67,2.97E-04,0.20,4.22,1254.12,1
905,700,-111,4.61E-01,23.73,-50.67,6.59E-04,0.20,4.22,1254.12,1
906,300,-89,1.46E-01,23.73,-50.67,4.88E-04,0.032536455,4.5,258.55,4
907,400,-189,7.23E-01,23.73,-50.67,1.81E-03,0.180774291,4,258.55,4
908,700,-267,1.31E+00,23.73,-50.67,1.88E-03,0.403854651,3.25,258.55,4
909,300,-74.8,1.62E-01,23.73,-50.67,5.40E-04,0.028903981,5.6,258.55,4
910,400,-94.8,3.13E-01,23.73,-50.67,7.81E-04,0.063794428,4.9,258.55,4
911,700,-153,6.42E-01,23.73,-50.67,9.17E-04,0.168840415,3.8,258.55,4
912,300,-61,5.27E-02,23.73,-50.67,1.76E-04,0.010140438,5.2,258.55,4
913,400,-74,1.02E-01,23.73,-50.67,2.56E-04,0.021767518,4.7,258.55,4
914,700,-130,4.30E-01,23.73,-50.67,6.14E-04,0.113164591,3.8,258.55,4
915,300,-178,7.80E-01,23.73,-50.67,2.60E-03,0.107640564,7.25,258.55,4
916,400,-205,9.72E-01,23.73,-50.67,2.43E-03,0.157996146,6.15,258.55,4
917,700,-282.6,1.36E+00,23.73,-50.67,1.94E-03,0.444343225,3.05,258.55,4
918,300,90,2.43E-01,23.73,-50.67,8.10E-04,0.250515464,0.97,184.61,4
919,400,107,2.84E-01,23.73,-50.67,7.11E-04,0.273506928,1.04,184.61,4
920,700,201,6.73E-01,23.73,-50.67,9.62E-04,0.735901639,0.915,184.61,4
921,1000,297,1.13E+00,23.73,-50.67,1.13E-03,1.517965927,0.745,184.61,4
922,300,62.4,1.93E-01,23.73,-50.67,6.44E-04,0.154463207,1.25,184.61,4
923,400,64.2,2.29E-01,23.73,-50.67,5.73E-04,0.132542468,1.73,184.61,4
924,700,129,7.71E-01,23.73,-50.67,1.10E-03,0.532025577,1.45,184.61,4
925,1000,201.5,1.25E+00,23.73,-50.67,1.25E-03,1.230837438,1.015,184.61,4
926,300,125.5,2.40E-01,23.73,-50.67,7.99E-04,0.068299098,3.51,147.11,2
927,400,152,4.25E-01,23.73,-50.67,1.06E-03,0.123544724,3.444,147.11,2
928,700,197,1.17E+00,23.73,-50.67,1.68E-03,0.372858721,3.15,147.11,2
929,1000,245,2.64E+00,23.73,-50.67,2.64E-03,0.931656243,2.837,147.11,2
930,300,117,3.85E-02,23.73,-50.67,1.28E-04,0.019244142,2,147.11,2
931,400,121,5.22E-02,23.73,-50.67,1.30E-04,0.02747162,1.9,147.11,2
932,700,147,1.53E-01,23.73,-50.67,2.18E-04,0.084875265,1.8,147.11,2
933,1000,177,3.49E-01,23.73,-50.67,3.49E-04,0.19962406,1.75,147.11,2
934,300,117,5.05E-02,23.73,-50.67,1.68E-04,0.025256458,2,147.11,2
935,400,125.6,1.19E-01,23.73,-50.67,2.98E-04,0.06273382,1.9,147.11,2
936,700,153.6,2.06E-01,23.73,-50.67,2.95E-04,0.103141844,2,147.11,2
937,1000,184,4.65E-01,23.73,-50.67,4.65E-04,0.226762625,2.05,147.11,2
938,300,135.4,5.31E-02,23.73,-50.67,1.77E-04,0.026569797,2,147.11,2
939,400,140.8,7.81E-02,23.73,-50.67,1.95E-04,0.041095002,1.9,147.11,2
940,700,169,2.20E-01,23.73,-50.67,3.14E-04,0.10991039,2,147.11,2
941,1000,196.8,4.95E-01,23.73,-50.67,4.95E-04,0.241256545,2.05,147.11,2
942,300,132,5.59E-02,23.73,-50.67,1.86E-04,0.027932029,2,147.11,2
943,400,144.6,9.07E-02,23.73,-50.67,2.27E-04,0.047717381,1.9,147.11,2
944,700,173,2.46E-01,23.73,-50.67,3.52E-04,0.136881754,1.8,147.11,2
945,1000,205,5.51E-01,23.73,-50.67,5.51E-04,0.315065412,1.75,147.11,2
946,300,-92.5,2.92E-01,23.73,-50.67,9.75E-04,0.041764969,7,59.36,1
947,400,-119.5,4.54E-01,23.73,-50.67,1.13E-03,0.075616892,6,59.36,1
948,700,-185.3,6.99E-01,23.73,-50.67,9.98E-04,0.139739901,5,59.36,1
949,1000,-228,7.86E-01,23.73,-50.67,7.86E-04,0.174659813,4.5,59.36,1
950,300,-82.2,4.11E-01,23.73,-50.67,1.37E-03,0.10088053,4.07,59.36,1
951,400,-101.4,5.39E-01,23.73,-50.67,1.35E-03,0.160340956,3.36,59.36,1
952,700,-163,6.81E-01,23.73,-50.67,9.73E-04,0.356678749,1.91,59.36,1
953,300,294.8,4.44E-03,23.73,-50.67,1.48E-05,0.20,4.22,140.56,3
954,400,275.3,1.38E-02,23.73,-50.67,3.46E-05,0.20,4.22,140.56,3
955,700,292.4,5.85E-02,23.73,-50.67,8.36E-05,0.20,4.22,140.56,3
956,1000,317,9.43E-02,23.73,-50.67,9.43E-05,0.20,4.22,140.56,3
957,300,261,1.56E-02,23.73,-50.67,5.18E-05,0.20,4.22,140.56,3
958,400,259,4.09E-02,23.73,-50.67,1.02E-04,0.20,4.22,140.56,3
959,700,283,1.22E-01,23.73,-50.67,1.75E-04,0.20,4.22,140.56,3
960,1000,315,2.03E-01,23.73,-50.67,2.03E-04,0.20,4.22,140.56,3
961,300,174.4,8.30E-02,23.73,-50.67,2.77E-04,0.20,4.22,140.56,3
962,400,187.8,1.26E-01,23.73,-50.67,3.15E-04,0.20,4.22,140.56,3
963,700,232,2.75E-01,23.73,-50.67,3.93E-04,0.20,4.22,140.56,3
964,1000,271,4.29E-01,23.73,-50.67,4.29E-04,0.20,4.22,140.56,3
965,300,99.7,1.82E-01,23.73,-50.67,6.06E-04,0.20,4.22,140.56,3
966,400,115,2.70E-01,23.73,-50.67,6.75E-04,0.20,4.22,140.56,3
967,700,144.9,4.92E-01,23.73,-50.67,7.02E-04,0.20,4.22,140.56,3
968,1000,168.2,6.93E-01,23.73,-50.67,6.93E-04,0.20,4.22,140.56,3
969,300,165,6.81E-04,23.73,-50.67,2.27E-06,0.000469788,1.45,822.88,4
970,400,315.9,7.43E-03,23.73,-50.67,1.86E-05,0.006750055,1.1,822.88,4
971,700,411.8,4.78E-02,23.73,-50.67,6.82E-05,0.064093403,0.745,822.88,4
972,1000,265.4,6.25E-02,23.73,-50.67,6.25E-05,0.090317483,0.692,822.88,4
973,300,90,2.48E-03,23.73,-50.67,8.26E-06,0.001483272,1.67,822.88,4
974,400,164.8,2.36E-02,23.73,-50.67,5.89E-05,0.019004296,1.24,822.88,4
975,700,248,2.50E-01,23.73,-50.67,3.58E-04,0.297984496,0.84,822.88,4
976,1000,287.5,4.81E-01,23.73,-50.67,4.81E-04,0.717253124,0.67,822.88,4
977,300,81.5,3.38E-03,23.73,-50.67,1.13E-05,0.002050394,1.65,822.88,4
978,400,150,2.67E-02,23.73,-50.67,6.68E-05,0.021028529,1.27,822.88,4
979,700,233,2.75E-01,23.73,-50.67,3.93E-04,0.320208123,0.86,822.88,4
980,1000,262,5.12E-01,23.73,-50.67,5.12E-04,0.73390925,0.698,822.88,4
981,300,112.6,1.38E-02,23.73,-50.67,4.61E-05,0.008698978,1.59,822.88,4
982,400,152,4.94E-02,23.73,-50.67,1.24E-04,0.039855097,1.24,822.88,4
983,700,215,2.65E-01,23.73,-50.67,3.79E-04,0.315744536,0.84,822.88,4
984,1000,243,4.72E-01,23.73,-50.67,4.72E-04,0.694694118,0.68,822.88,4
985,300,-191,2.30E-02,23.73,-50.67,7.68E-05,0.00404932,5.69,601.91,16
986,400,-183,5.15E-02,23.73,-50.67,1.29E-04,0.009648228,5.34,601.91,16
987,700,-180.6,1.86E-01,23.73,-50.67,2.65E-04,0.037881951,4.9,601.91,16
988,1000,-87.3,1.26E-01,23.73,-50.67,1.26E-04,0.025093971,5.02,601.91,16
989,300,-318,2.38E-02,23.73,-50.67,7.93E-05,0.005183852,4.59,601.91,16
990,400,-327,7.60E-02,23.73,-50.67,1.90E-04,0.018574785,4.09,601.91,16
991,700,-287,2.40E-01,23.73,-50.67,3.43E-04,0.060820992,3.95,601.91,16
992,1000,-100.8,8.33E-02,23.73,-50.67,8.33E-05,0.019782407,4.21,601.91,16
993,300,-226,5.68E-03,23.73,-50.67,1.89E-05,0.001984305,2.86,601.91,16
994,400,-227,1.38E-02,23.73,-50.67,3.45E-05,0.005222357,2.64,601.91,16
995,700,-222,6.66E-02,23.73,-50.67,9.51E-05,0.0225,2.96,601.91,16
996,1000,-68,2.16E-02,23.73,-50.67,2.16E-05,0.006710396,3.22,601.91,16
997,300,470,1.45E-02,23.73,-50.67,4.83E-05,0.009414235,1.54,770.68,2
998,400,463,2.10E-02,23.73,-50.67,5.24E-05,0.017044865,1.23,770.68,2
999,700,390,4.53E-02,23.73,-50.67,6.48E-05,0.059326794,0.764,770.68,2
1000,300,193,3.37E-02,23.73,-50.67,1.12E-04,0.022589755,1.49,770.68,2
1001,400,219.9,8.64E-02,23.73,-50.67,2.16E-04,0.071958348,1.2,770.68,2
1002,700,261.7,2.65E-01,23.73,-50.67,3.78E-04,0.317966897,0.833,770.68,2
1003,300,142.7,1.21E-01,23.73,-50.67,4.02E-04,0.083262737,1.45,770.68,2
1004,400,161,1.91E-01,23.73,-50.67,4.76E-04,0.164306542,1.16,770.68,2
1005,700,200.8,3.85E-01,23.73,-50.67,5.50E-04,0.469577879,0.82,770.68,2
1006,1000,207,4.56E-01,23.73,-50.67,4.56E-04,0.649112203,0.703,770.68,2
1007,300,-413.39,5.77E-03,23.73,-50.67,1.92E-05,0.20,4.22,101.11,2
1008,400,-402.83,1.32E-02,23.73,-50.67,3.30E-05,0.20,4.22,101.11,2
1009,700,-370.39,5.34E-02,23.73,-50.67,7.63E-05,0.20,4.22,101.11,2
1010,1000,-371.87,1.00E-01,23.73,-50.67,1.00E-04,0.20,4.22,101.11,2
1011,300,-366.46,1.07E-02,23.73,-50.67,3.57E-05,0.001368757,7.82,101.11,2
1012,400,-343.86,2.21E-02,23.73,-50.67,5.53E-05,0.003218108,6.87,101.11,2
1013,700,-322.97,7.75E-02,23.73,-50.67,1.11E-04,0.016487796,4.7,101.11,2
1014,1000,-328.38,1.50E-01,23.73,-50.67,1.50E-04,0.04224856,3.54,101.11,2
1015,300,-335.01,8.18E-03,23.73,-50.67,2.73E-05,0.00128041,6.39,101.11,2
1016,400,-308.72,1.85E-02,23.73,-50.67,4.63E-05,0.00312239,5.93,101.11,2
1017,700,-292.02,7.87E-02,23.73,-50.67,1.12E-04,0.018127751,4.34,101.11,2
1018,1000,-294.72,1.51E-01,23.73,-50.67,1.51E-04,0.045042023,3.35,101.11,2
1019,300,-427.64,5.49E-03,23.73,-50.67,1.83E-05,0.20,4.22,303.23,6
1020,400,-413.39,1.33E-02,23.73,-50.67,3.32E-05,0.20,4.22,303.23,6
1021,700,-373.83,4.59E-02,23.73,-50.67,6.56E-05,0.20,4.22,303.23,6
1022,1000,-374.57,8.64E-02,23.73,-50.67,8.64E-05,0.20,4.22,303.23,6
1023,300,-364.5,8.53E-03,23.73,-50.67,2.84E-05,0.001246546,6.84,303.23,6
1024,400,-335.5,1.71E-02,23.73,-50.67,4.27E-05,0.002770165,6.17,303.23,6
1025,700,-317.81,6.58E-02,23.73,-50.67,9.40E-05,0.015587038,4.22,303.23,6
1026,1000,-323.46,1.20E-01,23.73,-50.67,1.20E-04,0.038917217,3.08,303.23,6
1027,300,-26.52,3.59E-02,23.73,-50.67,1.20E-04,0.015529759,2.31,1193,1
1028,400,-33.75,6.90E-02,23.73,-50.67,1.72E-04,0.029608249,2.33,1193,1
1029,700,-53.15,2.25E-01,23.73,-50.67,3.22E-04,0.091565242,2.46,1193,1
1030,1000,-79.05,5.59E-01,23.73,-50.67,5.59E-04,0.217595686,2.57,1193,1
1031,300,-752.2,5.82E-03,23.73,-50.67,1.94E-05,0.00019646,29.6,189.28,2
1032,400,-618.43,7.08E-03,23.73,-50.67,1.77E-05,0.000516571,13.7,189.28,2
1033,700,-99.7,2.85E-02,23.73,-50.67,4.08E-05,0.006813229,4.19,189.28,2
1034,1000,26.27,4.35E-02,23.73,-50.67,4.35E-05,0.011049908,3.94,189.28,2
1035,300,-249.39,3.14E-02,23.73,-50.67,1.05E-04,0.003200812,9.811,189.28,2
1036,400,-182.68,3.49E-02,23.73,-50.67,8.72E-05,0.00434609,8.03,189.28,2
1037,700,-98.5,3.14E-02,23.73,-50.67,4.49E-05,0.005984998,5.25,189.28,2
1038,1000,-82.67,2.98E-02,23.73,-50.67,2.98E-05,0.007630344,3.902,189.28,2
1039,300,-343.22,1.86E-02,23.73,-50.67,6.21E-05,0.001088945,17.1,189.28,2
1040,400,-294.38,2.47E-02,23.73,-50.67,6.17E-05,0.002221923,11.1,189.28,2
1041,700,-175.63,2.83E-02,23.73,-50.67,4.04E-05,0.005420334,5.22,189.28,2
1042,1000,-63.68,1.09E-02,23.73,-50.67,1.09E-05,0.003009932,3.63,189.28,2
1043,300,-45,1.15E-01,23.73,-50.67,3.82E-04,0.047719668,2.402,893.06,4
1044,400,-46.6,1.47E-01,23.73,-50.67,3.69E-04,0.057160606,2.58,893.06,4
1045,700,-67.6,3.99E-01,23.73,-50.67,5.70E-04,0.146638551,2.72,893.06,4
1046,1000,-87.8,7.48E-01,23.73,-50.67,7.48E-04,0.281365063,2.66,893.06,4
1047,300,-53,7.66E-02,23.73,-50.67,2.55E-04,0.037370288,2.05,893.06,4
1048,400,-58,9.82E-02,23.73,-50.67,2.46E-04,0.047679116,2.06,893.06,4
1049,700,-87.2,2.85E-01,23.73,-50.67,4.07E-04,0.143755415,1.98,893.06,4
1050,1000,-117.3,6.12E-01,23.73,-50.67,6.12E-04,0.330553514,1.85,893.06,4
1051,300,-91,1.38E-02,23.73,-50.67,4.60E-05,0.009388889,1.47,893.06,4
1052,400,-89.9,2.39E-01,23.73,-50.67,5.99E-04,0.176078649,1.36,893.06,4
1053,700,-159.3,2.46E-01,23.73,-50.67,3.52E-04,0.210575803,1.17,893.06,4
1054,1000,-221.2,7.12E-01,23.73,-50.67,7.12E-04,0.721599719,0.987,893.06,4
1055,300,-71,2.13E-02,23.73,-50.67,7.10E-05,0.010828673,1.967,893.06,4
1056,400,-69.5,3.61E-02,23.73,-50.67,9.03E-05,0.019734436,1.83,893.06,4
1057,700,-130.6,2.73E-01,23.73,-50.67,3.90E-04,0.175137182,1.56,893.06,4
1058,1000,-185.2,6.51E-01,23.73,-50.67,6.51E-04,0.475062535,1.37,893.06,4
1059,300,-40.87,8.21E-02,23.73,-50.67,2.74E-04,0.03339378,2.46,893.06,4
1060,400,-41.6,1.13E-01,23.73,-50.67,2.84E-04,0.043562128,2.605,893.06,4
1061,700,-57.6,2.90E-01,23.73,-50.67,4.14E-04,0.101964806,2.84,893.06,4
1062,1000,-74.7,5.73E-01,23.73,-50.67,5.73E-04,0.199618299,2.87,893.06,4
1063,300,-41,1.87E-02,23.73,-50.67,6.23E-05,0.015062724,1.24,893.06,4
1064,400,-89,1.18E-01,23.73,-50.67,2.96E-04,0.101046052,1.17,893.06,4
1065,700,-159,4.16E-01,23.73,-50.67,5.95E-04,0.416392941,1,893.06,4
1066,1000,-215,7.23E-01,23.73,-50.67,7.23E-04,0.810073831,0.893,893.06,4
1067,300,-210,4.46E-03,23.73,-50.67,1.49E-05,0.001603781,2.78,47.62,2
1068,400,-220,9.95E-03,23.73,-50.67,2.49E-05,0.003703402,2.687,47.62,2
1069,700,-268,7.70E-02,23.73,-50.67,1.10E-04,0.033716067,2.283,47.62,2
1070,1000,-316,8.14E-01,23.73,-50.67,8.14E-04,0.426280342,1.9089,47.62,2
1071,300,-92.4,9.06E-02,23.73,-50.67,3.02E-04,0.054370144,1.667,610.4,5
1072,300,-186,9.88E-03,23.73,-50.67,3.29E-05,0.005928401,1.667,610.4,5
1073,400,-194,1.03E-01,23.73,-50.67,2.58E-04,0.050985445,2.0205,610.4,5
1074,700,-201,2.02E+00,23.73,-50.67,2.89E-03,0.930169913,2.1717,610.4,5
1075,300,-220,2.35E-02,23.73,-50.67,7.82E-05,0.014075777,1.667,610.4,5
1076,400,-220,1.19E-01,23.73,-50.67,2.98E-04,0.059052551,2.0205,610.4,5
1077,700,-216,4.08E-01,23.73,-50.67,5.83E-04,0.187981765,2.1717,610.4,5
1078,300,-19,9.50E-03,23.73,-50.67,3.17E-05,0.003877551,2.45,735.99,2
1079,300,-107,6.87E-02,23.73,-50.67,2.29E-04,0.038163333,1.8,597.36,4
1080,300,120.75,3.71E-01,23.73,-50.67,1.24E-03,0.151567098,2.44922,169.78,4
1081,400,138.43,5.93E-01,23.73,-50.67,1.48E-03,0.235493287,2.51953,169.78,4
1082,700,191.49,1.44E+00,23.73,-50.67,2.05E-03,0.55966257,2.56641,169.78,4
1083,1000,231.64,2.16E+00,23.73,-50.67,2.16E-03,0.845526008,2.55469,169.78,4
