id,T(K),Z*10^-4reported,Seebeck(uV/K),kappaZT,Resist.(400K),Seebeck(400K),Pf(W/K^2/m),ZT,kappa(W/mK)
0,578.58,0.85,-41.84,0.41,23.73,-50.67,0.00,0.20,4.22
1,300,0.85,-462.97,1.29E-04,50,-462.97,4.29E-07,0.20,4.22
2,400,0.85,-462.97,1.71E-04,50,-462.97,4.29E-07,0.20,4.22
3,700,0.85,-470.65,6.41E-03,50,-462.97,9.16E-06,0.20,4.22
4,1000,0.85,-279.83,4.41E-02,50,-462.97,4.41E-05,0.20,4.22
5,300,0.85,-201.71,2.65E-02,0.046115,-201.71,8.82E-05,0.20,4.22
6,400,0.85,-201.71,3.53E-02,0.046115,-201.71,8.82E-05,0.20,4.22
7,700,0.85,-224.12,5.41E-02,0.046115,-201.71,7.72E-05,0.20,4.22
8,1000,0.85,-190.18,8.80E-02,0.046115,-201.71,8.80E-05,0.20,4.22
9,300,0.85,-123.59,3.00E-02,0.015256,-123.59,1.00E-04,0.20,4.22
10,400,0.85,-123.59,4.00E-02,0.015256,-123.59,1.00E-04,0.20,4.22
11,700,0.85,-173.53,9.72E-02,0.015256,-123.59,1.39E-04,0.20,4.22
12,1000,0.85,-160.09,1.15E-01,0.015256,-123.59,1.15E-04,0.20,4.22
13,300,0.85,-103.74,2.65E-02,0.012167,-103.74,8.84E-05,0.20,4.22
14,400,0.85,-103.74,3.54E-02,0.012167,-103.74,8.84E-05,0.20,4.22
15,700,0.85,-127.43,6.68E-02,0.012167,-103.74,9.54E-05,0.20,4.22
16,1000,0.85,-135.75,9.78E-02,0.012167,-103.74,9.78E-05,0.20,4.22
17,300,0.85,-83.24,2.09E-02,0.009966,-83.24,6.95E-05,0.20,4.22
18,400,0.85,-83.24,2.78E-02,0.009966,-83.24,6.95E-05,0.20,4.22
19,700,0.85,-118.46,7.21E-02,0.009966,-83.24,1.03E-04,0.20,4.22
20,1000,0.85,-140.88,1.26E-01,0.009966,-83.24,1.26E-04,0.20,4.22
21,700,0.85,483.47,1.07E-04,23.73,-50.67,1.53E-07,0.20,4.22
22,1000,0.85,642.62,2.82E-03,23.73,-50.67,2.82E-06,0.20,4.22
23,400,0.85,294.97,1.21E-04,28.867694,294.97,3.01E-07,7.46E-06,16.1715
24,700,0.85,249.75,1.66E-02,28.867694,294.97,2.37E-05,0.001458067,11.391
25,1000,0.85,262.41,1.48E-01,28.867694,294.97,1.48E-04,0.017497599,8.44401
26,400,0.85,249.37,4.89E-04,5.08647,249.37,1.22E-06,5.87E-05,8.32761
27,700,0.85,200.39,8.89E-02,5.08647,249.37,1.27E-04,0.014790072,6.0105
28,1000,0.85,206.66,1.50E-01,5.08647,249.37,1.50E-04,0.02826674,5.30518
29,400,0.85,116.91,8.51E-03,0.064272,116.91,2.13E-05,0.20,4.22
30,700,0.85,97.88,3.39E-02,0.064272,116.91,4.84E-05,0.20,4.22
31,1000,0.85,105.17,1.66E-01,0.064272,116.91,1.66E-04,0.20,4.22
32,400,0.85,102.59,3.41E-02,0.012343,102.59,8.53E-05,0.009093419,3.75078
33,700,0.85,77.37,8.61E-02,0.012343,102.59,1.23E-04,0.024636562,3.49599
34,1000,0.85,79.49,1.63E-01,0.012343,102.59,1.63E-04,0.063968983,2.54979
35,300,0.85,-572.04,1.96E-03,2.925075,-549.12,6.53E-06,0.20,4.22
36,400,0.85,-549.12,4.12E-03,2.925075,-549.12,1.03E-05,0.001247231,3.30607
37,700,0.85,-477.48,2.48E-02,2.925075,-549.12,3.54E-05,0.012122034,2.04673
38,1000,0.85,-406.81,1.50E-01,2.925075,-549.12,1.50E-04,0.089158798,1.67874
39,300,0.85,-100.04,1.48E-02,0.021537,-119.21,4.92E-05,0.005877928,2.51281
40,400,0.85,-119.21,2.64E-02,0.021537,-119.21,6.60E-05,0.011603063,2.27454
41,700,0.85,-184.31,9.18E-02,0.021537,-119.21,1.31E-04,0.048845628,1.87848
42,1000,0.85,-205.16,1.58E-01,0.021537,-119.21,1.58E-04,0.091024352,1.73598
43,300,0.85,-91.19,2.81E-02,0.009824,-114.15,9.38E-05,0.012410311,2.2675
44,400,0.85,-114.15,5.31E-02,0.009824,-114.15,1.33E-04,0.024563669,2.16005
45,700,0.85,-164.08,1.51E-01,0.009824,-114.15,2.15E-04,0.080246985,1.8785
46,1000,0.85,-172.3,2.04E-01,0.009824,-114.15,2.04E-04,0.120991889,1.6869
47,300,0.85,-72.23,2.14E-02,0.007258,-72.44,7.12E-05,0.20,4.22
48,400,0.85,-72.44,2.89E-02,0.007258,-72.44,7.23E-05,0.20,4.22
49,700,0.85,-80.65,5.97E-02,0.007258,-72.44,8.52E-05,0.20,4.22
50,1000,0.85,-92.67,1.03E-01,0.007258,-72.44,1.03E-04,0.20,4.22
51,300,0.85,-180,4.86E-02,0.0215409,-203.88,1.62E-04,0.01944,2.5
52,400,0.85,-203.88,7.72E-02,0.021541,-203.88,1.93E-04,0.03719487,2.07513
53,700,0.85,-234.57,1.36E-01,0.021541,-203.88,1.94E-04,0.083293437,1.63069
54,1000,0.85,-248.22,2.00E-01,0.021541,-203.88,2.00E-04,0.144503757,1.38075
55,400,0.85,-153.66,5.14E-02,0.01837,-153.66,1.29E-04,0.20,4.22
56,700,0.85,-195.78,1.11E-01,0.018366,-153.66,1.59E-04,0.20,4.22
57,1000,0.85,-213.72,1.63E-01,0.018366,-153.66,1.63E-04,0.20,4.22
58,400,0.85,-119.99,7.66E-02,0.007521,-119.99,1.91E-04,0.020374273,3.75786
59,700,0.85,-137.22,1.29E-01,0.007521,-119.99,1.85E-04,0.039949192,3.23973
60,1000,0.85,-152.89,1.84E-01,0.007521,-119.99,1.84E-04,0.063883122,2.88165
61,400,0.85,-101.6,6.25E-02,0.006602,-101.6,1.56E-04,0.20,4.22
62,700,0.85,-122.22,1.17E-01,0.006602,-101.6,1.67E-04,0.20,4.22
63,1000,0.85,-144.55,1.83E-01,0.006602,-101.6,1.83E-04,0.20,4.22
64,400,0.85,-60.57,3.71E-02,0.003956,-60.57,9.27E-05,0.20,4.22
65,700,0.85,-81.62,8.81E-02,0.003956,-60.57,1.26E-04,0.20,4.22
66,1000,0.85,-101.82,1.54E-01,0.003956,-60.57,1.54E-04,0.20,4.22
67,400,0.85,-35.67,1.64E-02,0.003105,-35.67,4.10E-05,0.20,4.22
68,700,0.85,-55.87,5.42E-02,0.003105,-35.67,7.75E-05,0.20,4.22
69,1000,0.85,-67.87,9.13E-02,0.003105,-35.67,9.13E-05,0.20,4.22
70,300,0.85,-211.97,4.41E-02,0.027541,-215.39,1.47E-04,0.20,4.22
71,400,0.85,-215.39,6.74E-02,0.027541,-215.39,1.68E-04,0.20,4.22
72,700,0.85,-227.92,1.65E-01,0.027541,-215.39,2.35E-04,0.20,4.22
73,1000,0.85,-235.33,2.44E-01,0.027541,-215.39,2.44E-04,0.20,4.22
74,300,0.85,-162.39,5.32E-02,0.012874,-163.53,1.77E-04,0.029786338,1.78652
75,400,0.85,-163.53,8.31E-02,0.012874,-163.53,2.08E-04,0.051454878,1.6149
76,700,0.85,-172.65,1.79E-01,0.012874,-163.53,2.56E-04,0.13283632,1.34638
77,1000,0.85,-172.65,2.82E-01,0.012874,-163.53,2.82E-04,0.220343013,1.28033
78,300,0.85,-104.27,2.24E-02,0.011351356,-118.52,7.48E-05,0.00787002,2.84951
79,400,0.85,-118.52,4.95E-02,0.011351356,-118.52,1.24E-04,0.019260696,2.5699
80,700,0.85,-144.73,1.69E-01,0.011351356,-118.52,2.42E-04,0.079142343,2.1394
81,1000,0.85,-144.73,2.36E-01,0.011351356,-118.52,2.36E-04,0.121469186,1.94512
82,400,0.85,23.09,1.21E-02,0.001177,23.09,3.03E-05,0.20,4.22
83,700,0.85,32.45,3.82E-02,0.001177,23.09,5.46E-05,0.20,4.22
84,1000,0.85,39.96,7.84E-02,0.001177,23.09,7.84E-05,0.20,4.22
85,400,0.85,21.17,1.53E-02,0.001759,21.17,3.83E-05,0.20,4.22
86,700,0.85,30.25,4.78E-02,0.001759,21.17,6.83E-05,0.20,4.22
87,1000,0.85,35.44,8.21E-02,0.001759,21.17,8.21E-05,0.20,4.22
88,400,0.85,17.72,3.90E-03,0.003218,17.72,9.75E-06,0.20,4.22
89,700,0.85,29.32,1.94E-02,0.003218,17.72,2.77E-05,0.20,4.22
90,1000,0.85,38.96,5.10E-02,0.003218,17.72,5.10E-05,0.20,4.22
91,400,0.85,19.3,8.80E-03,0.001693,19.3,2.20E-05,0.20,4.22
92,700,0.85,29.32,3.40E-02,0.001693,19.3,4.86E-05,0.20,4.22
93,1000,0.85,35.86,7.10E-02,0.001693,19.3,7.10E-05,0.20,4.22
94,400,0.85,-1.64,2.18E-04,0.00049075,-1.64,5.46E-07,0.20,4.22
95,700,0.85,5.38,3.52E-03,0.00049075,-1.64,5.03E-06,0.20,4.22
96,1000,0.85,12.43,2.25E-02,0.00049075,-1.64,2.25E-05,0.20,4.22
97,400,0.85,21.46,1.82E-02,0.00101116,21.46,4.55E-05,0.20,4.22
98,700,0.85,15.29,1.56E-02,0.00101116,21.46,2.22E-05,0.20,4.22
99,1000,0.85,17.26,2.50E-02,0.00101116,21.46,2.50E-05,0.20,4.22
100,400,0.85,15.44,4.78E-03,0.0019954,15.44,1.20E-05,0.20,4.22
101,700,0.85,17.15,1.08E-02,0.0019954,15.44,1.55E-05,0.20,4.22
102,1000,0.85,17.21,1.48E-02,0.0019954,15.44,1.48E-05,0.20,4.22
103,400,0.85,270,5.09E-04,5.732274775,270,1.27E-06,0.20,4.22
104,700,0.85,21.92,1.18E-04,5.732274775,270,1.69E-07,0.20,4.22
105,1000,0.85,17.26,3.52E-04,5.732274775,270,3.52E-07,0.20,4.22
106,300,0.85,210,6.62E-04,2,40,2.21E-06,0.20,4.22
107,400,0.85,40,2.56E-04,2,40,6.40E-07,0.20,4.22
108,700,0.85,22.7,2.12E-03,2,40,3.03E-06,0.20,4.22
109,1000,0.85,26.5,6.95E-03,2,40,6.95E-06,0.20,4.22
110,300,0.85,173.9,5.91E-04,0.38,59.3,1.97E-06,0.20,4.22
111,400,0.85,59.3,3.70E-04,0.38,59.3,9.25E-07,0.20,4.22
112,700,0.85,22,1.09E-03,0.38,59.3,1.56E-06,0.20,4.22
113,400,0.85,-90.28,2.73E-02,0.119152,-90.28,6.83E-05,0.01132081,2.41307
114,700,0.85,-123.85,6.17E-02,0.119152,-90.28,8.81E-05,0.02553619,2.41558
115,1000,0.85,-130.04,7.93E-02,0.119152,-90.28,7.93E-05,0.03329024,2.38232
116,400,0.85,-90.28,3.03E-02,0.107849,-90.28,7.58E-05,0.019099891,1.5871
117,700,0.85,-123.85,7.00E-02,0.107849,-90.28,1.00E-04,0.039875867,1.75635
118,1000,0.85,-130.04,9.19E-02,0.107849,-90.28,9.19E-05,0.049893485,1.84225
119,400,0.85,-90.28,4.67E-02,0.070644,-90.28,1.17E-04,0.022586208,2.06759
120,700,0.85,-123.85,1.09E-01,0.070644,-90.28,1.56E-04,0.050077248,2.18525
121,1000,0.85,-130.04,1.35E-01,0.070644,-90.28,1.35E-04,0.060406906,2.23936
122,400,0.85,-90.28,8.04E-02,0.040973,-90.28,2.01E-04,0.049042114,1.63871
123,700,0.85,-123.85,1.79E-01,0.040973,-90.28,2.56E-04,0.111359887,1.60943
124,1000,0.85,-130.04,2.05E-01,0.040973,-90.28,2.05E-04,0.128986958,1.58808
125,400,0.85,-600.16,3.13E-02,0.460937,-600.16,7.81E-05,0.010513925,2.97299
126,700,0.85,-374.8,4.22E-02,0.460937,-600.16,6.03E-05,0.019480754,2.16539
127,1000,0.85,-320.53,1.23E-01,0.460937,-600.16,1.23E-04,0.058867739,2.09242
128,300,0.657626,-74.98,2.93E-02,0.00638941,-93.82,9.76E-05,0.01972878,1.48358962
129,400,0.876848,-93.82,5.51E-02,0.00638941,-93.82,1.38E-04,0.03507392,1.571097028
130,700,1.18448,-124.55,1.31E-01,0.00638941,-93.82,1.87E-04,0.0829136,1.574660559
131,1000,1.41281,-152.37,2.27E-01,0.00638941,-93.82,2.27E-04,0.141281,1.604043252
132,300,0.162774,-46.31,1.06E-02,0.00549942,-44.36,3.53E-05,0.00488322,2.170001556
133,400,0.244057,-44.36,1.43E-02,0.00549942,-44.36,3.58E-05,0.00976228,1.465854004
134,700,0.39825,-55.34,4.08E-02,0.00549942,-44.36,5.82E-05,0.0278775,1.462482104
135,1000,0.495538,-68.2,8.33E-02,0.00549942,-44.36,8.33E-05,0.0495538,1.680820436
136,300,0.473219,-72.01,2.32E-02,0.00739839,-81.79,7.75E-05,0.01419657,1.637290898
137,400,0.585012,-81.79,3.62E-02,0.00739839,-81.79,9.04E-05,0.02340048,1.545616006
138,700,0.714005,-101.47,7.59E-02,0.00739839,-81.79,1.08E-04,0.04998035,1.518351106
139,1000,0.770762,-114.58,1.13E-01,0.00739839,-81.79,1.13E-04,0.0770762,1.470944215
140,300,0.173956,-43.69,1.12E-02,0.0043952,-45.05,3.73E-05,0.00521868,2.143851851
141,400,0.302948,-45.05,1.85E-02,0.0043952,-45.05,4.62E-05,0.01211792,1.524264065
142,700,0.486978,-50.98,4.83E-02,0.0043952,-45.05,6.90E-05,0.03408846,1.416678012
143,1000,0.61941,-64.7,9.91E-02,0.0043952,-45.05,9.91E-05,0.061941,1.599402623
144,300,0.763717,-70.53,3.41E-02,0.00477637,-81.71,1.14E-04,0.02291151,1.488878233
145,400,0.943053,-81.71,5.59E-02,0.00477637,-81.71,1.40E-04,0.03772212,1.482392228
146,700,1.3433,-112.78,1.51E-01,0.00477637,-81.71,2.15E-04,0.094031,1.600767692
147,1000,1.58857,-135.59,2.59E-01,0.00477637,-81.71,2.59E-04,0.158857,1.629157717
148,300,0.126573,-41.61,6.81E-03,0.00649209,-41.63,2.27E-05,0.00379719,1.793253904
149,400,0.181921,-41.63,1.07E-02,0.00649209,-41.63,2.67E-05,0.00727684,1.46749541
150,700,0.289423,-52.45,3.07E-02,0.00649209,-41.63,4.38E-05,0.02025961,1.514920146
151,1000,0.340102,-60.8,5.23E-02,0.00649209,-41.63,5.23E-05,0.0340102,1.536920596
152,300,0.42569,-26,4.68E-02,0.000509409,-31.98,1.56E-04,0.012368285,3.78035
153,400,0.471206,-31.98,8.03E-02,0.000509409,-31.98,2.01E-04,0.019323409,4.15607
154,700,0.408461,-33.62,1.50E-01,0.000509409,-31.98,2.15E-04,0.029357635,5.11561
155,1000,0.85,-30.17,1.06E-01,0.000509409,-31.98,1.06E-04,0.20,4.22
156,300,0.489661,-24.46,3.88E-02,0.000476044,-30.29,1.29E-04,0.014141215,2.74566
157,400,0.572087,-30.29,7.71E-02,0.000476044,-30.29,1.93E-04,0.023313772,3.30636
158,700,0.789864,-41.77,2.22E-01,0.000476044,-30.29,3.17E-04,0.055061518,4.0289
159,1000,0.85,-33.71,1.89E-01,0.000476044,-30.29,1.89E-04,0.20,4.22
160,300,0.600385,-42,4.05E-02,0.00127204,-51.37,1.35E-04,0.017568967,2.30636
161,400,0.87475,-51.37,8.30E-02,0.00127204,-51.37,2.07E-04,0.035093259,2.36416
162,700,1.62894,-65.77,2.58E-01,0.00127204,-51.37,3.68E-04,0.105399534,2.44509
163,1000,0.85,-39.71,2.30E-01,0.00127204,-51.37,2.30E-04,0.20,4.22
164,300,0.730808,-82.77,4.98E-02,0.00395079,-96.44,1.66E-04,0.021697095,2.2948
165,400,1.08391,-96.44,9.42E-02,0.00395079,-96.44,2.35E-04,0.044149795,2.13295
166,700,2.06201,-117.92,2.77E-01,0.00395079,-96.44,3.96E-04,0.139855751,1.98266
167,1000,0.85,-52.48,2.95E-01,0.00395079,-96.44,2.95E-04,0.20,4.22
168,400,0.85,-19.88,5.56E-03,0.002843,-19.88,1.39E-05,0.20,4.22
169,700,0.85,-25.76,1.01E-02,0.002843,-19.88,1.44E-05,0.20,4.22
170,1000,0.85,-27.03,1.17E-02,0.002843,-19.88,1.17E-05,0.20,4.22
171,400,0.85,-20.95,6.57E-03,0.002673,-20.95,1.64E-05,0.20,4.22
172,700,0.85,-28.46,1.37E-02,0.002673,-20.95,1.96E-05,0.20,4.22
173,1000,0.85,-30.79,1.56E-02,0.002673,-20.95,1.56E-05,0.20,4.22
174,400,0.85,-139.46,1.29E-01,0.006037,-139.46,3.22E-04,0.20,4.22
175,700,0.85,-169.85,2.45E-01,0.006037,-139.46,3.50E-04,0.20,4.22
176,1000,0.85,-187.5,3.18E-01,0.006037,-139.46,3.18E-04,0.20,4.22
177,300,0.85,162,1.43E+00,0.00055,162,4.77E-03,0.975,1.468195804
178,300,0.85,-174,2.02E+00,0.00045,-174,6.73E-03,0.5025,4.016716418
179,300,0.85,38,2.28E-01,0.00019,38,7.60E-04,0.0675,3.377777778
180,300,0.85,63,9.76E-01,0.00012,63,3.25E-03,0.1875,5.205245902
181,300,0.85,78.67,2.67E-01,0.00085,122.16,8.91E-04,0.178443558,1.49875
182,400,0.85,122.16,7.02E-01,0.00085,122.16,1.76E-03,0.458771734,1.53108
183,700,0.85,199.03,2.29E+00,0.00085,122.16,3.26E-03,1.384355066,1.65073
184,1000,0.85,165.79,2.15E+00,0.00085,122.16,2.15E-03,0.948261434,2.27167
185,300,0.85,-279.86,3.93E-01,0.00677423,-295.57,1.31E-03,0.188435535,2.08661
186,400,0.85,-295.57,5.16E-01,0.00677423,-295.57,1.29E-03,0.296861717,1.73762
187,700,0.85,-334.67,9.30E-01,0.00677423,-295.57,1.33E-03,0.594360115,1.56386
188,300,0.85,-257.3,6.80E-01,0.00340249,-276.16,2.27E-03,0.310801835,2.18825
189,400,0.85,-276.16,8.97E-01,0.00340249,-276.16,2.24E-03,0.469668971,1.90897
190,700,0.85,-309.85,1.55E+00,0.00340249,-276.16,2.21E-03,0.889593963,1.74246
191,300,0.85,-246.59,9.75E-01,0.00212784,-266.33,3.25E-03,0.424000225,2.29861
192,400,0.85,-266.33,1.33E+00,0.00212784,-266.33,3.33E-03,0.668512792,1.99464
193,700,0.85,-301.53,2.37E+00,0.00212784,-266.33,3.38E-03,1.27177965,1.86154
194,300,0.85,-222.15,9.92E-01,0.00174818,-248.19,3.31E-03,0.400777807,2.47577
195,400,0.85,-248.19,1.41E+00,0.00174818,-248.19,3.52E-03,0.677502412,2.08031
196,700,0.85,-281.75,2.59E+00,0.00174818,-248.19,3.70E-03,1.334133877,1.9414
197,300,0.85,-217.11,1.24E+00,0.00134137,-247.94,4.14E-03,0.485042171,2.55853
198,400,0.85,-247.94,1.83E+00,0.00134137,-247.94,4.58E-03,0.809426937,2.26473
199,700,0.85,-275.7,3.21E+00,0.00134137,-247.94,4.59E-03,1.504651502,2.13453
200,300,0.85,-211.82,8.91E-01,-247.31,-6.35E-03,2.97E-03,0.331609215,2.68777
201,400,0.85,-247.31,1.36E+00,-247.31,-7.42E-03,3.41E-03,0.631923014,2.15872
202,700,0.85,-278.47,2.38E+00,-247.31,-8.35E-03,3.40E-03,1.181566055,2.014
203,300,0.85,-192.21,9.77E-01,0.00113,-192.21,3.26E-03,0.380118325,2.57047
204,400,0.85,-214.39,1.43E+00,0.00113,-192.21,3.57E-03,0.644976838,2.21377
205,700,0.85,-247.54,2.68E+00,0.00113,-192.21,3.83E-03,1.385962072,1.93658
206,300,0.85,62.38,3.17E-01,0.00057,105,1.06E-03,0.079250912,3.99643
207,400,0.85,105,7.74E-01,0.00057,105,1.94E-03,0.289521835,2.675
208,700,0.85,212.86,1.85E+00,0.00057,105,2.65E-03,1.329723145,1.39286
209,300,0.85,50.95,1.88E-01,0.00062,98.33,6.28E-04,0.062528934,3.01429
210,400,0.85,98.33,6.25E-01,0.00062,98.33,1.56E-03,0.28172853,2.21786
211,700,0.85,209.05,1.91E+00,0.00062,98.33,2.72E-03,1.502553777,1.26786
212,1000,0.85,204,2.03E+00,0.00062,98.33,2.03E-03,1.703161584,1.18929
213,300,0.85,58.81,2.02E-01,0.00069,89.76,6.75E-04,0.075096639,2.69643
214,400,0.85,89.76,4.66E-01,0.00069,89.76,1.17E-03,0.216602878,2.15357
215,700,0.85,205.24,1.81E+00,0.00069,89.76,2.58E-03,1.392715388,1.29643
216,1000,0.85,197,1.96E+00,0.00069,89.76,1.96E-03,1.636067789,1.19643
217,300,0.85,140.4,2.16E-01,0.00355,197.87,7.19E-04,0.111032448,1.9421
218,400,0.85,201.46,4.58E-01,0.00355,197.87,1.14E-03,0.295085853,1.55169
219,700,0.85,323.94,8.42E-01,0.00355,197.87,1.20E-03,0.871875767,0.965347
220,300,0.85,136.17,2.32E-01,0.00291,195.21,7.75E-04,0.107163649,2.16832
221,400,0.85,195.21,5.24E-01,0.00291,195.21,1.31E-03,0.316428584,1.65594
222,700,0.85,327.66,1.40E+00,0.00291,195.21,2.00E-03,1.387416646,1.0099
223,300,0.85,169,4.70E-01,0.00208,192,1.57E-03,0.20,4.22
224,400,0.85,192,7.09E-01,0.00208,192,1.77E-03,0.20,4.22
225,700,0.85,242,1.36E+00,0.00208,192,1.94E-03,0.20,4.22
226,1000,0.85,273,1.80E+00,0.00208,192,1.80E-03,0.20,4.22
227,300,0.85,137,3.77E-01,0.00171,161,1.26E-03,0.20,4.22
228,400,0.85,161,6.08E-01,0.00171,161,1.52E-03,0.20,4.22
229,700,0.85,218.3,1.36E+00,0.00171,161,1.94E-03,0.20,4.22
230,1000,0.85,254,1.93E+00,0.00171,161,1.93E-03,0.20,4.22
231,300,0.85,127.631,3.67E-01,0.0015184,151.36,1.22E-03,0.08445088,4.33976
232,400,0.85,151.36,6.04E-01,0.0015184,151.36,1.51E-03,0.145604448,4.14497
233,700,0.85,209.823,1.41E+00,0.0015184,151.36,2.02E-03,0.369646753,3.81657
234,1000,0.85,248.114,2.09E+00,0.0015184,151.36,2.09E-03,0.580112442,3.59911
235,300,0.85,-122.807,3.87E-01,0.00133537,150.045,1.29E-03,0.093418564,4.13947
236,400,0.85,-150.045,6.74E-01,0.00133537,150.045,1.69E-03,0.159453467,4.22929
237,700,0.85,-230.877,1.92E+00,0.00133537,150.045,2.74E-03,0.51588803,3.72337
238,1000,0.85,-281.446,3.16E+00,0.00133537,150.045,3.16E-03,0.862981105,3.66568
239,300,0.85,-200,1.60E-01,0.0051,-245,5.33E-04,0.020725389,7.72
240,400,0.85,-245,4.71E-01,0.0051,-245,1.18E-03,0.07005719,6.72
241,700,0.85,-233,1.75E+00,0.0051,-245,2.50E-03,0.31783268,5.51
242,1000,0.85,-155,1.60E+00,0.0051,-245,1.60E-03,0.207738867,7.71
243,300,0.85,108.88,1.67E-01,0.00238,119.75,5.58E-04,0.076639366,2.18498
244,400,0.85,120,2.42E-01,0.00238,119.75,6.05E-04,0.113817986,2.1246
245,700,0.85,171.43,7.44E-01,0.00238,119.75,1.06E-03,0.3597171,2.0678
246,1000,0.85,293.62,2.35E+00,0.00238,119.75,2.35E-03,1.191133093,1.9731
247,300,0.85,-196.16,3.56E-02,0.03246,-196.16,1.19E-04,0.027669081,1.28517
248,300,0.85,-219.62,3.48E-01,0.004159,-219.62,1.16E-03,0.20,4.22
249,300,0.85,135.09,3.73E-01,0.001467,142.36,1.24E-03,0.162121393,2.3
250,400,0.85,142.36,5.53E-01,0.001467,142.36,1.38E-03,0.23521233,2.35
251,700,0.85,173.46,1.46E+00,0.001467,142.36,2.08E-03,0.559676118,2.6
252,1000,0.85,207.27,3.12E+00,0.001467,142.36,3.12E-03,1.074714975,2.9
253,700,0.0146252,-501.65,9.73E-03,181.543206,-500.55,1.39E-05,0.000903217,10.7741
254,1000,1.05302,-549.67,9.44E-01,181.543206,-500.55,9.44E-04,0.128765807,7.33252
255,400,0.85,-289.98,3.18E-03,105.6963524,-289.98,7.96E-06,0.000176091,18.0719
256,700,0.0146252,-331.35,2.97E-02,105.6963524,-289.98,4.25E-05,0.002760142,10.7741
257,1000,1.84278,-412.05,1.21E+00,105.6963524,-289.98,1.21E-03,0.186834709,6.46651
258,400,0.85,-206.81,1.18E-03,145.0474172,-206.81,2.95E-06,8.88E-05,13.2843
259,700,0.61426,-204.62,3.52E-01,145.0474172,-206.81,5.02E-04,0.039095209,8.99308
260,1000,3.04205,-229.87,1.64E+00,145.0474172,-206.81,1.64E-03,0.302205857,5.42075
261,400,0.85,-362.53,1.31E-02,40.25408877,-362.53,3.27E-05,0.001042084,12.5327
262,700,2.22303,-434.32,1.25E+00,40.25408877,-362.53,1.78E-03,0.13499319,9.25454
263,1000,5.41133,-443.73,3.62E+00,40.25408877,-362.53,3.62E-03,0.544835324,6.64626
264,300,0.85,-28.21,1.93E-02,0.00119,-31.41,6.42E-05,0.00625094,3.0834
265,400,0.85,-31.41,3.31E-02,0.00119,-31.41,8.28E-05,0.010430437,3.1764
266,700,0.85,-45.45,1.37E-01,0.00119,-31.41,1.96E-04,0.039515646,3.4727
267,1000,0.85,-66.47,3.77E-01,0.00119,-31.41,3.77E-04,0.104674177,3.601
268,300,0.85,-25.74,3.08E-01,0.0001,-25.21,1.03E-03,0.037628248,8.177
269,400,0.85,-25.21,2.60E-01,0.0001,-25.21,6.49E-04,0.033229299,7.817
270,700,0.85,-27.03,2.54E-01,0.0001,-25.21,3.62E-04,0.036878464,6.8797
271,1000,0.85,-33.86,3.76E-01,0.0001,-25.21,3.76E-04,0.059798731,6.2948
272,300,0.85,217.6,1.96E-02,23.73,-50.67,6.52E-05,0.20,4.22
273,300,0.85,130,1.58E-01,23.73,-50.67,5.28E-04,0.20,4.22
274,300,0.85,200,9.52E-05,23.73,-50.67,3.17E-07,0.20,4.22
275,300,0.85,20,3.08E-03,23.73,-50.67,1.03E-05,0.20,4.22
276,300,0.85,5,2.14E-04,23.73,-50.67,7.14E-07,0.20,4.22
277,300,0.85,6.3,3.72E-04,23.73,-50.67,1.24E-06,0.20,4.22
278,300,0.85,149.91,8.24E-02,23.73,-50.67,2.75E-04,0.20,4.22
279,400,0.85,140,7.26E-02,23.73,-50.67,1.82E-04,0.20,4.22
280,700,0.85,120,6.36E-02,23.73,-50.67,9.09E-05,0.20,4.22
281,1000,0.85,100,5.22E-02,23.73,-50.67,5.22E-05,0.20,4.22
282,300,0.85,54.72,3.21E-02,23.73,-50.67,1.07E-04,0.20,4.22
283,400,0.85,50,2.62E-02,23.73,-50.67,6.55E-05,0.20,4.22
284,700,0.85,40,1.84E-02,23.73,-50.67,2.63E-05,0.20,4.22
285,1000,0.85,30,1.10E-02,23.73,-50.67,1.10E-05,0.20,4.22
286,300,0.85,25,1.66E-02,23.73,-50.67,5.55E-05,0.20,4.22
287,400,0.85,20,1.08E-02,23.73,-50.67,2.69E-05,0.20,4.22
288,700,0.85,2,1.33E-04,23.73,-50.67,1.91E-07,0.20,4.22
289,1000,0.85,1,2.66E-05,23.73,-50.67,2.66E-08,0.20,4.22
290,300,0.85,0.5,1.59E-05,23.73,-50.67,5.30E-08,0.20,4.22
291,400,0.85,0.1,5.92E-07,23.73,-50.67,1.48E-09,0.20,4.22
292,700,0.85,0.1,5.14E-07,23.73,-50.67,7.35E-10,0.20,4.22
293,1000,0.85,0.1,4.49E-07,23.73,-50.67,4.49E-10,0.20,4.22
294,300,0.85,215,9.91E-02,0.016,240,3.30E-04,0.20,4.22
295,400,0.85,240,1.44E-01,0.016,240,3.60E-04,0.20,4.22
296,700,0.85,295,3.05E-01,0.016,240,4.35E-04,0.20,4.22
297,300,0.85,-175.031,4.87E-07,85.3104,-147,1.62E-09,0.20,4.22
298,400,0.85,-147,1.01E-05,85.3104,-147,2.53E-08,0.20,4.22
299,700,0.85,-100.68,4.20E-04,85.3104,-147,5.99E-07,0.20,4.22
300,1000,0.85,-84.81,2.00E-03,85.3104,-147,2.00E-06,0.20,4.22
301,300,0.85,277.076,2.15E-02,0.0699656,299.003,7.17E-05,0.20,4.22
302,400,0.85,299.003,5.11E-02,0.0699656,299.003,1.28E-04,0.20,4.22
303,700,0.85,321.429,1.30E-01,0.0699656,299.003,1.85E-04,0.20,4.22
304,1000,0.85,324.917,1.98E-01,0.0699656,299.003,1.98E-04,0.20,4.22
305,300,0.85,97.6744,1.59E-01,0.001937,115.116,5.31E-04,0.20,4.22
306,400,0.85,115.116,2.74E-01,0.001937,115.116,6.84E-04,0.20,4.22
307,700,0.85,145.515,4.63E-01,0.001937,115.116,6.62E-04,0.20,4.22
308,1000,0.85,167.94,6.91E-01,0.001937,115.116,6.91E-04,0.20,4.22
309,300,0.85,300,1.37E-02,0.119099,321.429,4.58E-05,0.20,4.22
310,400,0.85,321.429,3.47E-02,0.119099,321.429,8.67E-05,0.20,4.22
311,700,0.85,351.827,1.00E-01,0.119099,321.429,1.43E-04,0.20,4.22
312,1000,0.85,354.817,1.75E-01,0.119099,321.429,1.75E-04,0.20,4.22
313,300,0.85,97.9094,2.05E-07,809.8083993,107.578,6.83E-10,0.20,4.22
314,400,0.85,107.578,5.72E-07,809.8083993,107.578,1.43E-09,0.20,4.22
315,700,0.85,124.826,1.01E-05,809.8083993,107.578,1.44E-08,0.20,4.22
316,1000,0.85,160.801,3.99E-05,809.8083993,107.578,3.99E-08,0.20,4.22
317,300,0.85,92.5958,2.06E-07,707.6990581,97.0383,6.88E-10,0.20,4.22
318,400,0.85,97.0383,5.32E-07,707.6990581,97.0383,1.33E-09,0.20,4.22
319,700,0.85,113.502,1.05E-05,707.6990581,97.0383,1.50E-08,0.20,4.22
320,1000,0.85,113.937,3.56E-05,707.6990581,97.0383,3.56E-08,0.20,4.22
321,300,0.85,103.223,2.79E-06,99.41840235,106.01,9.31E-09,0.20,4.22
322,400,0.85,106.01,4.52E-06,99.41840235,106.01,1.13E-08,0.20,4.22
323,700,0.85,120.122,4.99E-05,99.41840235,106.01,7.13E-08,0.20,4.22
324,1000,0.85,125.61,9.93E-05,99.41840235,106.01,9.93E-08,0.20,4.22
325,300,0.85,103.833,5.77E-07,175.7080154,105.575,1.92E-09,0.20,4.22
326,400,0.85,105.575,2.54E-06,175.7080154,105.575,6.34E-09,0.20,4.22
327,700,0.85,121.603,1.99E-05,175.7080154,105.575,2.84E-08,0.20,4.22
328,1000,0.85,124.216,4.32E-05,175.7080154,105.575,4.32E-08,0.20,4.22
329,300,0.1,-650.91,4.20E-02,0.24169,-587.185,1.40E-04,0.011795412,3.56184
330,400,0.189638,-587.185,5.71E-02,0.24169,-587.185,1.43E-04,0.018604483,3.06714
331,700,0.386026,-362.325,8.91E-02,0.24169,-587.185,1.27E-04,0.041301192,2.15813
332,1000,0.457147,-282.213,9.44E-02,0.24169,-587.185,9.44E-05,0.0457147,2.06537
333,300,0.882422,-109.244,3.90E-02,0.0106095,-124.72,1.30E-04,0.026137018,1.49028
334,400,0.944579,-124.72,5.86E-02,0.0106095,-124.72,1.47E-04,0.039848239,1.47173
335,700,1.1113,-168.417,1.28E-01,0.0106095,-124.72,1.82E-04,0.079617332,1.60159
336,1000,2.06923,-244.888,3.21E-01,0.0106095,-124.72,3.21E-04,0.199082397,1.61396
337,300,0.519785,-52.8011,2.15E-02,0.0043831,-60.084,7.15E-05,0.012433026,1.72527
338,400,0.598425,-60.084,3.29E-02,0.0043831,-60.084,8.24E-05,0.020104787,1.63869
339,700,0.837674,-84.6639,8.16E-02,0.0043831,-60.084,1.17E-04,0.050580993,1.61396
340,1000,1.37033,-128.361,2.11E-01,0.0043831,-60.084,2.11E-04,0.133018362,1.58304
341,300,0.335165,-38.2353,1.30E-02,0.00359065,-49.1597,4.35E-05,0.007932122,1.64488
342,400,0.35777,-49.1597,2.69E-02,0.00359065,-49.1597,6.73E-05,0.017140379,1.57067
343,700,0.356355,-60.9944,5.41E-02,0.00359065,-49.1597,7.72E-05,0.032386419,1.66961
344,1000,1.2022,-101.05,1.71E-01,0.00359065,-49.1597,1.71E-04,0.101172463,1.69435
345,300,0.85,-9.10364,1.63E-04,0.0120812,-20.028,5.45E-07,0.20,4.22
346,400,0.85,-20.028,1.33E-03,0.0120812,-20.028,3.32E-06,0.20,4.22
347,700,0.85,-50.9804,1.71E-02,0.0120812,-20.028,2.45E-05,0.20,4.22
348,1000,0.85,-25.4902,5.86E-03,0.0120812,-20.028,5.86E-06,0.20,4.22
349,300,0.85,-156.078,5.41E-02,0.0149487,-172.722,1.80E-04,0.005590487,9.6695
350,400,0.85,-172.722,7.98E-02,0.0149487,-172.722,2.00E-04,0.011785614,6.77329
351,700,0.85,-202.219,1.47E-01,0.0149487,-172.722,2.10E-04,0.038004955,3.86562
352,1000,0.85,-222.736,2.16E-01,0.0149487,-172.722,2.16E-04,0.072577584,2.97623
353,300,0.85,-88.5671,1.12E-01,0.0023498,-105.832,3.73E-04,0.012204602,9.1565
354,400,0.85,-105.832,1.91E-01,0.0023498,-105.832,4.77E-04,0.027820846,6.85319
355,700,0.85,-146.168,4.44E-01,0.0023498,-105.832,6.34E-04,0.113093689,3.92271
356,1000,0.85,-177.832,7.03E-01,0.0023498,-105.832,7.03E-04,0.240031089,2.93072
357,300,0.85,-50.4768,9.13E-02,0.000942337,-62.4767,3.04E-04,0.009402057,9.71545
358,400,0.85,-62.4767,1.66E-01,0.000942337,-62.4767,4.14E-04,0.022990066,7.20692
359,700,0.85,-94.1419,4.80E-01,0.000942337,-62.4767,6.86E-04,0.104779859,4.58432
360,1000,0.85,-119.305,8.46E-01,0.000942337,-62.4767,8.46E-04,0.242294205,3.48967
361,300,0.85,-46.7607,9.07E-02,0.000817897,-56.5928,3.02E-04,0.009632278,9.41949
362,400,0.85,-56.5928,1.57E-01,0.000817897,-56.5928,3.92E-04,0.022224564,7.04775
363,700,0.85,-83.3032,4.29E-01,0.000817897,-56.5928,6.13E-04,0.092961144,4.61902
364,1000,0.85,-108.464,8.20E-01,0.000817897,-56.5928,8.20E-04,0.231919011,3.53581
365,300,0.85,-50.7871,8.63E-02,0.000995442,-60.6186,2.88E-04,0.00973701,8.86791
366,400,0.85,-60.6186,1.48E-01,0.000995442,-60.6186,3.69E-04,0.02235983,6.6037
367,700,0.85,-88.5677,3.93E-01,0.000995442,-60.6186,5.62E-04,0.100865679,3.89999
368,1000,0.85,-114.967,7.43E-01,0.000995442,-60.6186,7.43E-04,0.242663763,3.06296
369,300,0.85,-53.2639,6.44E-02,0.00143465,-65.5729,2.15E-04,0.00940658,6.84738
370,400,0.85,-65.5729,1.20E-01,0.00143465,-65.5729,3.00E-04,0.023546412,5.09141
371,700,0.85,-93.2129,3.52E-01,0.00143465,-65.5729,5.02E-04,0.108354634,3.24419
372,1000,0.85,-117.444,6.61E-01,0.00143465,-65.5729,6.61E-04,0.262891577,2.51443
373,300,0.85,-52.3343,2.86E-02,0.0027953,-64.0245,9.53E-05,0.008831211,3.23848
374,400,0.85,-64.0245,5.87E-02,0.0027953,-64.0245,1.47E-04,0.022462541,2.61135
375,700,0.85,-86.4,2.14E-01,0.0027953,-64.0245,3.06E-04,0.116776249,1.83597
376,1000,0.85,-110.012,4.53E-01,0.0027953,-64.0245,4.53E-04,0.277913956,1.63073
377,300,0.85,-390,5.91E-04,23.73,-50.67,1.97E-06,0.000314602,1.87927
378,400,0.85,140.3,2.05E-03,23.73,-50.67,5.13E-06,0.20,4.22
379,700,0.85,28.76,4.26E-02,23.73,-50.67,6.09E-05,0.20,4.22
380,1000,0.85,15.7,2.51E-02,23.73,-50.67,2.51E-05,0.20,4.22
381,300,0.85,395,2.98E-02,23.73,-50.67,9.94E-05,0.016495189,1.807
382,400,0.85,304,4.99E-02,23.73,-50.67,1.25E-04,0.20,4.22
383,700,0.85,32.48,6.00E-02,23.73,-50.67,8.58E-05,0.20,4.22
384,1000,0.85,18.56,3.62E-02,23.73,-50.67,3.62E-05,0.20,4.22
385,300,0.85,330,4.72E-02,23.73,-50.67,1.57E-04,0.026234732,1.8
386,400,0.85,243.5,7.02E-02,23.73,-50.67,1.75E-04,0.20,4.22
387,700,0.85,28.76,5.28E-02,23.73,-50.67,7.54E-05,0.20,4.22
388,1000,0.85,17.6,3.38E-02,23.73,-50.67,3.38E-05,0.20,4.22
389,300,0.85,214.7,8.67E-02,23.73,-50.67,2.89E-04,0.048140749,1.8
390,400,0.85,129,9.15E-02,23.73,-50.67,2.29E-04,0.20,4.22
391,700,0.85,25.04,4.62E-02,23.73,-50.67,6.60E-05,0.20,4.22
392,1000,0.85,14.8,2.63E-02,23.73,-50.67,2.63E-05,0.20,4.22
393,300,0.85,21.32,2.92E-02,23.73,-50.67,9.72E-05,0.00788839,3.69579
394,400,0.85,17.6,2.77E-02,23.73,-50.67,6.93E-05,0.20,4.22
395,700,0.85,10.17,1.45E-02,23.73,-50.67,2.07E-05,0.20,4.22
396,1000,0.85,5.52,5.10E-03,23.73,-50.67,5.10E-06,0.20,4.22
397,300,0.85,56.4516,4.69E-02,23.73,-50.67,1.56E-04,0.055801689,0.84
398,400,0.85,68.7334,8.13E-02,23.73,-50.67,2.03E-04,0.096379224,0.844
399,700,0.85,117.242,2.78E-01,23.73,-50.67,3.97E-04,0.340484029,0.816
400,1000,0.85,164.143,5.88E-01,23.73,-50.67,5.88E-04,0.822909213,0.715
401,300,0.85,110.866,1.75E-01,23.73,-50.67,5.83E-04,0.173267726,1.01
402,400,0.85,146.015,3.29E-01,23.73,-50.67,8.23E-04,0.496100779,0.6638
403,700,0.85,205.872,8.92E-01,23.73,-50.67,1.27E-03,1.286961011,0.6933
404,300,0.85,126,1.22E-01,23.73,-50.67,4.06E-04,0.20,4.22
405,400,0.85,154,2.46E-01,23.73,-50.67,6.16E-04,0.20,4.22
406,700,0.85,166,5.94E-01,23.73,-50.67,8.48E-04,0.20,4.22
407,300,0.85,101,2.97E-01,23.73,-50.67,9.90E-04,0.15555838,1.91
408,400,0.85,127,5.76E-01,23.73,-50.67,1.44E-03,0.290927128,1.98
409,700,0.85,176,1.68E+00,23.73,-50.67,2.40E-03,0.812013631,2.07
410,300,0.85,87.2,2.55E-01,23.73,-50.67,8.51E-04,0.10643673,2.4
411,400,0.85,107,4.72E-01,23.73,-50.67,1.18E-03,0.198167011,2.38
412,700,0.85,158,1.63E+00,23.73,-50.67,2.33E-03,0.6558871,2.49
413,300,0.85,58.2,1.32E-01,23.73,-50.67,4.39E-04,0.085031756,1.55
414,400,0.85,75.7,2.74E-01,23.73,-50.67,6.85E-04,0.174640844,1.57
415,700,0.85,127,1.27E+00,23.73,-50.67,1.82E-03,0.748267895,1.703
416,300,0.85,279.207,5.25E-02,23.73,-50.67,1.75E-04,0.054916687,0.956
417,400,0.85,300.119,8.96E-02,23.73,-50.67,2.24E-04,0.224057186,0.3998
418,700,0.85,306.696,2.00E-01,23.73,-50.67,2.86E-04,0.974581824,0.2056
419,300,0.85,-132.097,1.02E-02,23.73,-50.67,3.41E-05,0.20,4.22
420,400,0.85,-135.054,1.45E-02,23.73,-50.67,3.61E-05,0.20,4.22
421,700,0.85,-180.753,5.54E-02,23.73,-50.67,7.92E-05,0.20,4.22
422,1000,0.85,-218.521,2.00E-01,23.73,-50.67,2.00E-04,0.20,4.22
423,300,0.85,-115.43,2.65E-02,23.73,-50.67,8.82E-05,0.20,4.22
424,400,0.85,-128.468,4.39E-02,23.73,-50.67,1.10E-04,0.20,4.22
425,700,0.85,-162.876,1.20E-01,23.73,-50.67,1.72E-04,0.20,4.22
426,1000,0.85,-204.677,3.83E-01,23.73,-50.67,3.83E-04,0.20,4.22
427,300,0.85,-113.952,3.78E-02,23.73,-50.67,1.26E-04,0.20,4.22
428,400,0.85,-123.495,5.91E-02,23.73,-50.67,1.48E-04,0.20,4.22
429,700,0.85,-154.543,1.51E-01,23.73,-50.67,2.15E-04,0.20,4.22
430,1000,0.85,-187.876,3.70E-01,23.73,-50.67,3.70E-04,0.20,4.22
431,300,0.85,-110.995,5.45E-02,23.73,-50.67,1.82E-04,0.20,4.22
432,400,0.85,-117.177,7.74E-02,23.73,-50.67,1.94E-04,0.20,4.22
433,700,0.85,-147.016,1.90E-01,23.73,-50.67,2.72E-04,0.20,4.22
434,1000,0.85,-175.78,4.00E-01,23.73,-50.67,4.00E-04,0.20,4.22
435,300,0.85,-144.866,2.94E-02,23.73,-50.67,9.81E-05,0.20,4.22
436,400,0.85,-149.839,4.18E-02,23.73,-50.67,1.05E-04,0.20,4.22
437,700,0.85,-177.527,9.98E-02,23.73,-50.67,1.43E-04,0.20,4.22
438,1000,0.85,-207.5,2.52E-01,23.73,-50.67,2.52E-04,0.20,4.22
439,300,0.85,-80.5607,7.56E-03,23.73,-50.67,2.52E-05,0.20,4.22
440,400,0.85,-73.8318,8.37E-03,23.73,-50.67,2.09E-05,0.20,4.22
441,700,0.85,-58.3178,7.10E-03,23.73,-50.67,1.02E-05,0.20,4.22
442,1000,0.85,-40.1869,4.54E-03,23.73,-50.67,4.54E-06,0.20,4.22
443,300,0.85,-110.28,2.37E-02,23.73,-50.67,7.90E-05,0.20,4.22
444,400,0.85,-105.047,2.91E-02,23.73,-50.67,7.27E-05,0.20,4.22
445,700,0.85,-88.5981,3.16E-02,23.73,-50.67,4.51E-05,0.20,4.22
446,1000,0.85,-74.3925,2.41E-02,23.73,-50.67,2.41E-05,0.20,4.22
447,300,0.85,69.4361,5.81E-04,23.73,-50.67,1.94E-06,0.000528343,1.1
448,300,0.85,-32.5663,3.33E-03,23.73,-50.67,1.11E-05,0.001753013,1.9
449,300,0.85,-357.564,1.34E-01,23.73,-50.67,4.48E-04,0.008282179,16.23
450,300,0.85,-133,5.05E-01,23.73,-50.67,1.68E-03,0.063333333,7.98
451,400,0.85,-136,6.33E-01,23.73,-50.67,1.58E-03,0.093139486,6.795
452,300,0.85,-95,3.09E-02,23.73,-50.67,1.03E-04,0.005134142,6.02
453,400,0.85,-130,9.73E-02,23.73,-50.67,2.43E-04,0.018352111,5.3
454,300,0.85,-113,6.41E-01,23.73,-50.67,2.14E-03,0.075362975,8.5
455,400,0.85,-137,1.20E+00,23.73,-50.67,3.01E-03,0.151338494,7.95
456,300,0.85,-92,3.29E-01,23.73,-50.67,1.10E-03,0.039441739,8.35
457,400,0.85,-109,6.03E-01,23.73,-50.67,1.51E-03,0.092641543,6.51
458,300,0.85,-119.188,3.47E-01,23.73,-50.67,1.16E-03,0.050251597,6.90444
459,400,0.85,-137.005,5.31E-01,23.73,-50.67,1.33E-03,0.066676394,7.9584
460,700,0.85,-168.074,9.74E-01,23.73,-50.67,1.39E-03,0.099979863,9.74108
461,1000,0.85,-177.53,1.22E+00,23.73,-50.67,1.22E-03,0.122572444,9.92664
462,300,0.85,-163.441,5.83E-01,23.73,-50.67,1.94E-03,0.084685557,6.88672
463,400,0.85,-185.373,8.43E-01,23.73,-50.67,2.11E-03,0.120287894,7.00955
464,700,0.85,-236.772,1.68E+00,23.73,-50.67,2.40E-03,0.232283937,7.2322
465,1000,0.85,-250.86,2.11E+00,23.73,-50.67,2.11E-03,0.27533795,7.6719
466,300,0.85,-130.766,4.62E-01,23.73,-50.67,1.54E-03,0.07963356,5.80227
467,400,0.85,-151.928,7.12E-01,23.73,-50.67,1.78E-03,0.122115456,5.83
468,700,0.85,-189.172,1.36E+00,23.73,-50.67,1.94E-03,0.218130295,6.23152
469,1000,0.85,-199.4,1.64E+00,23.73,-50.67,1.64E-03,0.242232068,6.77258
470,300,0.85,-8.13E+01,1.23E+00,23.73,-50.67,4.11E-03,0.20,4.22
471,400,0.85,-6.93E+01,1.24E+00,23.73,-50.67,3.09E-03,0.20,4.22
472,300,0.85,-8.08E+01,1.07E+00,23.73,-50.67,3.58E-03,0.20,4.22
473,400,0.85,-6.85E+01,1.04E+00,23.73,-50.67,2.60E-03,0.20,4.22
474,300,0.85,-8.53E+01,1.27E+00,23.73,-50.67,4.23E-03,0.20,4.22
475,400,0.85,-7.29E+01,1.26E+00,23.73,-50.67,3.16E-03,0.20,4.22
476,300,0.85,-8.13E+01,7.75E-01,23.73,-50.67,2.58E-03,0.20,4.22
477,400,0.85,-6.91E+01,6.53E-01,23.73,-50.67,1.63E-03,0.20,4.22
478,300,0.85,-7.52E+01,6.54E-01,23.73,-50.67,2.18E-03,0.20,4.22
479,400,0.85,-6.16E+01,5.32E-01,23.73,-50.67,1.33E-03,0.20,4.22
480,700,0.85,8.02541,5.05E-05,23.73,-50.67,7.21E-08,0.20,4.22
481,1000,0.85,-20.1644,1.00E-03,23.73,-50.67,1.00E-06,0.20,4.22
482,300,0.85,32.5598,6.20E-05,23.73,-50.67,2.07E-07,0.20,4.22
483,400,0.85,9.29006,2.00E-05,23.73,-50.67,5.00E-08,0.20,4.22
484,700,0.85,-15.3459,3.29E-04,23.73,-50.67,4.70E-07,0.20,4.22
485,1000,0.85,-24.3591,2.11E-03,23.73,-50.67,2.11E-06,0.20,4.22
486,300,0.85,-13.1349,2.09E-05,23.73,-50.67,6.97E-08,0.20,4.22
487,400,0.85,-19.922,1.57E-04,23.73,-50.67,3.93E-07,0.20,4.22
488,700,0.85,-27.3305,1.60E-03,23.73,-50.67,2.29E-06,0.20,4.22
489,1000,0.85,-30.2012,4.47E-03,23.73,-50.67,4.47E-06,0.20,4.22
490,300,0.85,-55.6808,5.40E-08,23.73,-50.67,1.80E-10,0.20,4.22
491,400,0.85,-45.9919,1.14E-06,23.73,-50.67,2.85E-09,0.20,4.22
492,700,0.85,-30.1768,5.46E-05,23.73,-50.67,7.80E-08,0.20,4.22
493,1000,0.85,-19.4145,1.44E-04,23.73,-50.67,1.44E-07,0.20,4.22
494,300,0.85,-22.2738,2.69E-04,23.73,-50.67,8.97E-07,0.20,4.22
495,400,0.85,-22.7685,6.96E-04,23.73,-50.67,1.74E-06,0.20,4.22
496,700,0.85,-23.4352,2.39E-03,23.73,-50.67,3.41E-06,0.20,4.22
497,1000,0.85,-23.7587,4.43E-03,23.73,-50.67,4.43E-06,0.20,4.22
498,300,0.85,4.08735,7.05E-04,23.73,-50.67,2.35E-06,0.000184926,3.81187
499,400,0.85,7.50989,3.13E-03,23.73,-50.67,7.83E-06,0.00080099,3.91172
500,700,0.85,16.5599,2.68E-02,23.73,-50.67,3.84E-05,0.006030526,4.45197
501,1000,0.85,23.9118,7.91E-02,23.73,-50.67,7.91E-05,0.014946413,5.29114
502,300,0.85,3.34933,4.39E-04,23.73,-50.67,1.46E-06,0.000158231,2.77301
503,400,0.85,5.48011,1.53E-03,23.73,-50.67,3.84E-06,0.00049533,3.09729
504,700,0.85,13.9768,1.67E-02,23.73,-50.67,2.39E-05,0.004207081,3.97842
505,1000,0.85,21.1078,5.35E-02,23.73,-50.67,5.35E-05,0.011602871,4.60973
506,300,0.85,6.30124,1.39E-03,23.73,-50.67,4.63E-06,0.000654096,2.12496
507,400,0.85,8.06322,2.93E-03,23.73,-50.67,7.33E-06,0.001234787,2.37444
508,700,0.85,11.6892,1.01E-02,23.73,-50.67,1.44E-05,0.003449371,2.93114
509,1000,0.85,14.6136,2.14E-02,23.73,-50.67,2.14E-05,0.006182272,3.45435
510,300,0.85,138.814,2.32E-01,23.73,-50.67,7.74E-04,0.20,4.22
511,400,0.85,153.007,3.47E-01,23.73,-50.67,8.67E-04,0.035498382,9.76717
512,700,0.85,203.027,7.36E-01,23.73,-50.67,1.05E-03,0.073515711,10.0099
513,1000,0.85,265.993,1.28E+00,23.73,-50.67,1.28E-03,0.152467292,8.39186
514,300,0.85,-53.6,1.81E-02,23.73,-50.67,6.03E-05,0.004141796,4.37
515,400,0.85,-67.6,3.22E-02,23.73,-50.67,8.06E-05,0.008981679,3.59
516,700,0.85,-110.3,9.84E-02,23.73,-50.67,1.41E-04,0.039679604,2.48
517,1000,0.85,-167,2.09E-01,23.73,-50.67,2.09E-04,0.108941406,1.92
518,300,0.85,-42.4,2.90E-02,23.73,-50.67,9.67E-05,0.005849969,4.96
519,400,0.85,-57.16,6.01E-02,23.73,-50.67,1.50E-04,0.015454418,3.89
520,700,0.85,-98.3,1.58E-01,23.73,-50.67,2.25E-04,0.057941815,2.72
521,1000,0.85,-158,3.20E-01,23.73,-50.67,3.20E-04,0.149317383,2.14
522,300,0.85,-52.14,5.62E-02,23.73,-50.67,1.87E-04,0.005392806,10.42
523,400,0.85,-62.4,1.10E-01,23.73,-50.67,2.74E-04,0.012720218,8.62
524,700,0.85,-110,4.96E-01,23.73,-50.67,7.08E-04,0.100710366,4.92
525,1000,0.85,-164.9,1.06E+00,23.73,-50.67,1.06E-03,0.337735156,3.14
526,300,0.85,-167,1.19E-01,23.73,-50.67,3.98E-04,0.20,4.22
527,400,0.85,-188,3.19E-01,23.73,-50.67,7.98E-04,0.20,4.22
528,700,0.85,-251,4.81E-01,23.73,-50.67,6.87E-04,0.20,4.22
529,1000,0.85,-285,4.43E-01,23.73,-50.67,4.43E-04,0.20,4.22
530,300,0.85,-97.6,1.09E-01,23.73,-50.67,3.64E-04,0.018590979,5.88
531,400,0.85,-115,3.21E-01,23.73,-50.67,8.01E-04,0.060708962,5.28
532,700,0.85,-179,6.13E-01,23.73,-50.67,8.76E-04,0.160048392,3.83
533,1000,0.85,-221,6.16E-01,23.73,-50.67,6.16E-04,0.195461682,3.15
534,300,0.85,-53.7,1.41E-01,23.73,-50.67,4.70E-04,0.20,4.22
535,400,0.85,-64.7,3.14E-01,23.73,-50.67,7.84E-04,0.20,4.22
536,700,0.85,-113,7.50E-01,23.73,-50.67,1.07E-03,0.20,4.22
537,1000,0.85,-158,1.05E+00,23.73,-50.67,1.05E-03,0.20,4.22
538,300,0.85,-271.305,7.03E-02,23.73,-50.67,2.34E-04,0.011567378,6.0761
539,400,0.85,-295.891,4.17E-01,23.73,-50.67,1.04E-03,0.08031864,5.1951
540,700,0.85,-255.058,1.65E+00,23.73,-50.67,2.36E-03,0.362358717,4.5516
541,1000,0.85,-159.717,1.57E+00,23.73,-50.67,1.57E-03,0.243444308,6.4417
542,300,0.85,-177.319,8.17E-01,23.73,-50.67,2.72E-03,0.118473741,6.8928
543,400,0.85,-192.458,1.19E+00,23.73,-50.67,2.99E-03,0.203822375,5.8617
544,700,0.85,-211.295,2.45E+00,23.73,-50.67,3.50E-03,0.508510843,4.8184
545,1000,0.85,-172.594,2.61E+00,23.73,-50.67,2.61E-03,0.414473123,6.2917
546,300,0.85,-139.982,8.99E-01,23.73,-50.67,3.00E-03,0.121054378,7.4261
547,400,0.85,-158.575,1.38E+00,23.73,-50.67,3.46E-03,0.218564595,6.3283
548,700,0.85,-188.543,2.74E+00,23.73,-50.67,3.92E-03,0.539039134,5.085
549,1000,0.85,-174.312,3.16E+00,23.73,-50.67,3.16E-03,0.529517135,5.975
550,300,0.85,-96.2097,7.92E-01,23.73,-50.67,2.64E-03,0.113786134,6.9595
551,400,0.85,-110.94,1.24E+00,23.73,-50.67,3.11E-03,0.195021878,6.3783
552,700,0.85,-146.063,2.64E+00,23.73,-50.67,3.77E-03,0.50190418,5.2517
553,1000,0.85,-142.549,2.80E+00,23.73,-50.67,2.80E-03,0.509801867,5.4917
554,300,0.85,-353.714,1.19E-01,23.73,-50.67,3.98E-04,0.011778524,10.1428
555,400,0.85,-342.674,5.37E-01,23.73,-50.67,1.34E-03,0.064001427,8.395
556,700,0.85,-284.671,2.03E+00,23.73,-50.67,2.90E-03,0.338827093,5.9849
557,1000,0.85,-212.937,2.85E+00,23.73,-50.67,2.85E-03,0.42941353,6.6417
558,300,0.85,-170.876,8.00E-01,23.73,-50.67,2.67E-03,0.082668744,9.6761
559,400,0.85,-189.025,1.15E+00,23.73,-50.67,2.88E-03,0.140320851,8.2117
560,700,0.85,-228.446,2.71E+00,23.73,-50.67,3.87E-03,0.447571084,6.0517
561,1000,0.85,-210.789,3.66E+00,23.73,-50.67,3.66E-03,0.603500311,6.0617
562,300,0.85,-131.398,8.41E-01,23.73,-50.67,2.80E-03,0.083623065,10.0594
563,400,0.85,-148.254,1.27E+00,23.73,-50.67,3.18E-03,0.146507724,8.6783
564,700,0.85,-193.681,3.00E+00,23.73,-50.67,4.29E-03,0.465705367,6.4517
565,1000,0.85,-196.196,4.05E+00,23.73,-50.67,4.05E-03,0.651557074,6.2083
566,300,0.85,-78.184,5.44E-01,23.73,-50.67,1.81E-03,0.061376527,8.8594
567,400,0.85,-89.0283,8.70E-01,23.73,-50.67,2.18E-03,0.105970331,8.2117
568,700,0.85,-129.304,2.47E+00,23.73,-50.67,3.53E-03,0.370509064,6.6684
569,1000,0.85,-150.706,3.87E+00,23.73,-50.67,3.87E-03,0.620411774,6.2417
570,300,0.85,50.1234,1.64E-03,23.73,-50.67,5.48E-06,0.20,4.22
571,400,0.85,58.0016,3.28E-03,23.73,-50.67,8.20E-06,0.20,4.22
572,700,0.85,84.2826,1.73E-02,23.73,-50.67,2.47E-05,0.20,4.22
573,1000,0.85,118.607,5.40E-02,23.73,-50.67,5.40E-05,0.20,4.22
574,300,0.85,62.1344,2.84E-03,23.73,-50.67,9.47E-06,0.20,4.22
575,400,0.85,70.013,5.18E-03,23.73,-50.67,1.30E-05,0.20,4.22
576,700,0.85,88.58,2.19E-02,23.73,-50.67,3.12E-05,0.20,4.22
577,1000,0.85,123.896,8.04E-02,23.73,-50.67,8.04E-05,0.20,4.22
578,300,0.85,59.7107,1.79E-03,23.73,-50.67,5.98E-06,0.20,4.22
579,400,0.85,68.4692,4.85E-03,23.73,-50.67,1.21E-05,0.20,4.22
580,700,0.85,92.437,2.89E-02,23.73,-50.67,4.13E-05,0.20,4.22
581,1000,0.85,126.87,1.07E-01,23.73,-50.67,1.07E-04,0.20,4.22
582,300,0.85,65.3296,2.97E-03,23.73,-50.67,9.90E-06,0.20,4.22
583,400,0.85,73.0975,5.74E-03,23.73,-50.67,1.43E-05,0.20,4.22
584,700,0.85,95.0781,2.75E-02,23.73,-50.67,3.94E-05,0.20,4.22
585,1000,0.85,131.717,9.86E-02,23.73,-50.67,9.86E-05,0.20,4.22
586,300,0.85,21.5075,2.73E-02,23.73,-50.67,9.09E-05,0.014074574,1.9384
587,400,0.85,27.071,5.31E-02,23.73,-50.67,1.33E-04,0.025225214,2.1055
588,700,0.85,51.22,2.65E-01,23.73,-50.67,3.78E-04,0.098456051,2.6905
589,1000,0.85,69.9615,6.01E-01,23.73,-50.67,6.01E-04,0.188309984,3.1915
590,300,0.85,27.2882,3.24E-02,23.73,-50.67,1.08E-04,0.022591533,1.4323
591,400,0.85,30.9869,5.21E-02,23.73,-50.67,1.30E-04,0.032042529,1.6274
592,700,0.85,47.6766,1.81E-01,23.73,-50.67,2.59E-04,0.077021527,2.3532
593,1000,0.85,57.4673,3.43E-01,23.73,-50.67,3.43E-04,0.119165632,2.8822
594,300,0.85,22.6264,2.36E-02,23.73,-50.67,7.88E-05,0.015874132,1.4885
595,400,0.85,28.1894,4.72E-02,23.73,-50.67,1.18E-04,0.025493657,1.8524
596,700,0.85,45.2526,1.89E-01,23.73,-50.67,2.70E-04,0.068003082,2.775
597,1000,0.85,53.9242,3.52E-01,23.73,-50.67,3.52E-04,0.103044764,3.4165
598,300,0.85,8.26675,3.32E-03,23.73,-50.67,1.11E-05,0.001935215,1.7135
599,400,0.85,9.16846,6.57E-03,23.73,-50.67,1.64E-05,0.002820619,2.3304
600,700,0.85,20.8232,6.65E-02,23.73,-50.67,9.49E-05,0.015683881,4.2372
601,1000,0.85,33.2249,2.36E-01,23.73,-50.67,2.36E-04,0.039452953,5.9752
602,300,0.85,47.8006,8.24E-02,23.73,-50.67,2.75E-04,0.061143091,1.3479
603,400,0.85,61.5689,1.48E-01,23.73,-50.67,3.70E-04,0.103404799,1.4306
604,700,0.85,105.3,4.60E-01,23.73,-50.67,6.57E-04,0.256694711,1.7908
605,1000,0.85,132.993,8.12E-01,23.73,-50.67,8.12E-04,0.39819721,2.0386
606,300,0.85,-82.6524,5.53E-02,23.73,-50.67,1.84E-04,0.015401826,3.5909
607,400,0.85,-100.786,1.02E-01,23.73,-50.67,2.54E-04,0.032308362,3.1467
608,700,0.85,-119.707,2.01E-01,23.73,-50.67,2.87E-04,0.090646689,2.2145
609,1000,0.85,-96.0071,1.78E-01,23.73,-50.67,1.78E-04,0.096459952,1.8414
610,300,0.85,-49.1829,9.95E-03,23.73,-50.67,3.32E-05,0.20,4.22
611,400,0.85,-55.3822,1.90E-02,23.73,-50.67,4.76E-05,0.20,4.22
612,700,0.85,-59.9632,3.78E-02,23.73,-50.67,5.40E-05,0.20,4.22
613,1000,0.85,-80.4739,8.21E-02,23.73,-50.67,8.21E-05,0.20,4.22
614,300,0.85,-86.6384,1.27E-02,23.73,-50.67,4.23E-05,0.20,4.22
615,400,0.85,-91.2314,2.20E-02,23.73,-50.67,5.50E-05,0.20,4.22
616,700,0.85,-102.587,4.65E-02,23.73,-50.67,6.64E-05,0.20,4.22
617,1000,0.85,-107.567,6.57E-02,23.73,-50.67,6.57E-05,0.20,4.22
618,300,0.85,-102.175,3.63E-02,23.73,-50.67,1.21E-04,0.20,4.22
619,400,0.85,-105.968,6.01E-02,23.73,-50.67,1.50E-04,0.20,4.22
620,700,0.85,-146.796,1.91E-01,23.73,-50.67,2.73E-04,0.20,4.22
621,1000,0.85,-122.707,1.92E-01,23.73,-50.67,1.92E-04,0.20,4.22
622,300,0.85,-69.9028,3.17E-04,23.73,-50.67,1.06E-06,0.20,4.22
623,400,0.85,-70.9189,1.75E-03,23.73,-50.67,4.36E-06,0.20,4.22
624,700,0.85,-81.0778,6.86E-03,23.73,-50.67,9.80E-06,0.20,4.22
625,1000,0.85,-70.1149,7.65E-03,23.73,-50.67,7.65E-06,0.20,4.22
626,300,0.85,-93.0096,3.26E-02,23.73,-50.67,1.09E-04,0.20,4.22
627,400,0.85,-98.403,5.54E-02,23.73,-50.67,1.39E-04,0.20,4.22
628,700,0.85,-116.934,1.12E-01,23.73,-50.67,1.60E-04,0.20,4.22
629,1000,0.85,-88.437,7.60E-02,23.73,-50.67,7.60E-05,0.20,4.22
630,300,0.85,-274.285,5.07E-02,23.73,-50.67,1.69E-04,0.20,4.22
631,400,0.85,-266.152,5.40E-02,23.73,-50.67,1.35E-04,0.20,4.22
632,700,0.85,-277.092,8.88E-02,23.73,-50.67,1.27E-04,0.20,4.22
633,1000,0.85,-114.746,2.81E-02,23.73,-50.67,2.81E-05,0.20,4.22
634,300,0.85,-348.389,1.69E-02,23.73,-50.67,5.65E-05,0.20,4.22
635,400,0.85,-356.591,2.49E-02,23.73,-50.67,6.21E-05,0.20,4.22
636,700,0.85,-410.971,5.12E-02,23.73,-50.67,7.32E-05,0.20,4.22
637,1000,0.85,-234.678,3.18E-02,23.73,-50.67,3.18E-05,0.20,4.22
638,300,0.85,-283.848,1.10E-03,23.73,-50.67,3.67E-06,0.20,4.22
639,400,0.85,-281.694,1.38E-03,23.73,-50.67,3.45E-06,0.20,4.22
640,700,0.85,-255.18,2.19E-03,23.73,-50.67,3.13E-06,0.20,4.22
641,1000,0.85,-145.433,4.42E-03,23.73,-50.67,4.42E-06,0.20,4.22
642,300,0.85,-476.683,9.77E-04,23.73,-50.67,3.26E-06,0.000326866,2.9898
643,400,0.85,-460.992,2.96E-03,23.73,-50.67,7.41E-06,0.00093196,3.1783
644,700,0.85,-332.067,1.59E-02,23.73,-50.67,2.27E-05,0.004804282,3.3114
645,1000,0.85,-192.833,4.25E-02,23.73,-50.67,4.25E-05,0.012337283,3.4447
646,300,0.85,1235.43,2.49E-03,23.73,-50.67,8.31E-06,0.000378505,6.5859
647,400,0.85,916.284,1.80E-03,23.73,-50.67,4.49E-06,0.000292025,6.1557
648,700,0.85,633.893,8.25E-03,23.73,-50.67,1.18E-05,0.001689722,4.8843
649,1000,0.85,617.422,2.29E-02,23.73,-50.67,2.29E-05,0.00617642,3.7083
650,300,0.85,525.19,1.35E-03,23.73,-50.67,4.51E-06,0.000194341,6.9663
651,400,0.85,444.688,4.50E-03,23.73,-50.67,1.13E-05,0.000702824,6.4029
652,700,0.85,428.212,2.72E-02,23.73,-50.67,3.88E-05,0.004765211,5.7042
653,1000,0.85,445.826,5.43E-02,23.73,-50.67,5.43E-05,0.01097686,4.9475
654,300,0.85,311.548,2.79E-03,23.73,-50.67,9.29E-06,0.000368593,7.5581
655,400,0.85,332.182,7.75E-03,23.73,-50.67,1.94E-05,0.001155855,6.7086
656,700,0.85,367.981,3.58E-02,23.73,-50.67,5.11E-05,0.006125187,5.8378
657,1000,0.85,403.782,7.02E-02,23.73,-50.67,7.02E-05,0.014529805,4.833
658,300,0.85,199.047,1.17E-02,23.73,-50.67,3.89E-05,0.001636395,7.1396
659,400,0.85,241.278,3.36E-02,23.73,-50.67,8.40E-05,0.005199749,6.4607
660,700,0.85,289.576,1.21E-01,23.73,-50.67,1.73E-04,0.021350298,5.6659
661,1000,0.85,325.374,2.25E-01,23.73,-50.67,2.25E-04,0.047104642,4.7763
662,300,0.85,196.762,1.09E-02,23.73,-50.67,3.63E-05,0.001171477,9.2934
663,400,0.85,225.369,3.07E-02,23.73,-50.67,7.68E-05,0.003505948,8.7669
664,700,0.85,270.256,1.09E-01,23.73,-50.67,1.56E-04,0.013673064,7.9727
665,1000,0.85,303.784,2.08E-01,23.73,-50.67,2.08E-04,0.03041577,6.8542
666,300,0.85,208.131,1.72E-02,23.73,-50.67,5.74E-05,0.001808913,9.5221
667,400,0.85,241.265,4.26E-02,23.73,-50.67,1.07E-04,0.0047257,9.0158
668,700,0.85,281.605,1.37E-01,23.73,-50.67,1.95E-04,0.0168798,8.0871
669,1000,0.85,325.387,2.60E-01,23.73,-50.67,2.60E-04,0.037136033,6.9878
670,300,0.85,8.19E+01,6.83E-01,23.73,-50.67,2.28E-03,0.035775294,19.08
671,400,0.85,98,1.09E+00,23.73,-50.67,2.71E-03,0.080229444,13.53
672,700,0.85,146,3.08E+00,23.73,-50.67,4.40E-03,0.540286341,5.7025
673,1000,0.85,200,6.67E+00,23.73,-50.67,6.67E-03,1.399413646,4.7639
674,300,0.85,104,1.54E-01,23.73,-50.67,5.14E-04,0.080921257,1.904
675,400,0.85,118,2.20E-01,23.73,-50.67,5.51E-04,0.120081428,1.834
676,700,0.85,161,5.34E-01,23.73,-50.67,7.62E-04,0.254977376,2.093
677,1000,0.85,175,7.66E-01,23.73,-50.67,7.66E-04,0.344302289,2.2237
678,700,0.85,-159.904,2.11E-02,23.73,-50.67,3.01E-05,0.20,4.22
679,1000,0.85,-190.963,6.02E-02,23.73,-50.67,6.02E-05,0.20,4.22
680,700,0.85,-133.608,1.84E-02,23.73,-50.67,2.62E-05,0.20,4.22
681,1000,0.85,-182.054,1.30E-01,23.73,-50.67,1.30E-04,0.20,4.22
682,700,0.85,-124.909,2.19E-02,23.73,-50.67,3.14E-05,0.20,4.22
683,1000,0.85,-173.573,1.55E-01,23.73,-50.67,1.55E-04,0.20,4.22
684,700,0.85,-112.738,1.90E-02,23.73,-50.67,2.71E-05,0.20,4.22
685,1000,0.85,-164.443,1.48E-01,23.73,-50.67,1.48E-04,0.20,4.22
686,700,0.85,-170.775,6.04E-02,23.73,-50.67,8.62E-05,0.20,4.22
687,1000,0.85,-217.259,2.71E-01,23.73,-50.67,2.71E-04,0.20,4.22
688,700,0.85,-147.96,5.21E-02,23.73,-50.67,7.45E-05,0.20,4.22
689,1000,0.85,-212.256,2.83E-01,23.73,-50.67,2.83E-04,0.20,4.22
690,700,0.85,-143.177,5.52E-02,23.73,-50.67,7.88E-05,0.20,4.22
691,1000,0.85,-205.305,2.92E-01,23.73,-50.67,2.92E-04,0.20,4.22
692,700,0.85,-139.044,5.75E-02,23.73,-50.67,8.22E-05,0.20,4.22
693,1000,0.85,-195.093,2.87E-01,23.73,-50.67,2.87E-04,0.20,4.22
694,300,0.85,-178.765,9.84E-02,23.73,-50.67,3.28E-04,0.024064225,4.087
695,400,0.85,-208.592,2.78E-01,23.73,-50.67,6.95E-04,0.078795216,3.53
696,700,0.85,-236.062,1.80E+00,23.73,-50.67,2.57E-03,0.549896257,3.274
697,300,0.85,-188.659,1.18E-01,23.73,-50.67,3.94E-04,0.030958179,3.814
698,400,0.85,-233.589,4.27E-01,23.73,-50.67,1.07E-03,0.127573719,3.345
699,700,0.85,-276.689,3.03E+00,23.73,-50.67,4.33E-03,0.949138206,3.196
700,300,0.85,-369.912,4.77E-01,23.73,-50.67,1.59E-03,0.150488885,3.17
701,400,0.85,-379.426,1.04E+00,23.73,-50.67,2.59E-03,0.365565734,2.837
702,700,0.85,-348.046,3.72E+00,23.73,-50.67,5.31E-03,1.263615091,2.942
703,300,0.85,-311.579,6.12E-01,23.73,-50.67,2.04E-03,0.199889676,3.0626
704,400,0.85,-329.939,1.29E+00,23.73,-50.67,3.22E-03,0.4288356,3.003
705,700,0.85,-328.251,4.62E+00,23.73,-50.67,6.60E-03,1.419170654,3.254
706,300,0.85,-252.204,3.96E-01,23.73,-50.67,1.32E-03,0.116775879,3.394
707,400,0.85,-264.835,8.95E-01,23.73,-50.67,2.24E-03,0.291429498,3.072
708,700,0.85,-260.541,3.21E+00,23.73,-50.67,4.58E-03,1.016372274,3.157
709,300,0.85,68.2676,1.41E-01,23.73,-50.67,4.69E-04,0.20,4.22
710,400,0.85,87.0227,2.87E-01,23.73,-50.67,7.17E-04,0.20,4.22
711,700,0.85,128.846,8.92E-01,23.73,-50.67,1.28E-03,0.20,4.22
712,1000,0.85,156.737,1.41E+00,23.73,-50.67,1.41E-03,0.20,4.22
713,300,0.85,86.5388,1.53E-01,23.73,-50.67,5.09E-04,0.1113909,1.37
714,400,0.85,107.702,2.85E-01,23.73,-50.67,7.13E-04,0.20,4.22
715,700,0.85,149.997,7.80E-01,23.73,-50.67,1.12E-03,0.20,4.22
716,1000,0.85,176.441,1.35E+00,23.73,-50.67,1.35E-03,0.20,4.22
717,300,0.85,104.331,1.19E-01,23.73,-50.67,3.97E-04,0.20,4.22
718,400,0.85,123.077,2.11E-01,23.73,-50.67,5.26E-04,0.20,4.22
719,700,0.85,162.016,5.55E-01,23.73,-50.67,7.93E-04,0.20,4.22
720,1000,0.85,189.903,1.06E+00,23.73,-50.67,1.06E-03,0.20,4.22
721,300,0.85,107.699,7.36E-02,23.73,-50.67,2.45E-04,0.20,4.22
722,400,0.85,134.608,1.51E-01,23.73,-50.67,3.76E-04,0.20,4.22
723,700,0.85,163.937,3.86E-01,23.73,-50.67,5.51E-04,0.20,4.22
724,1000,0.85,117.784,2.78E-01,23.73,-50.67,2.78E-04,0.20,4.22
725,300,0.85,-87.0125,2.17E-02,23.73,-50.67,7.24E-05,0.20,4.22
726,400,0.85,-102.424,4.26E-02,23.73,-50.67,1.06E-04,0.20,4.22
727,700,0.85,-140.861,2.28E-01,23.73,-50.67,3.26E-04,0.20,4.22
728,1000,0.85,-138.009,4.25E-01,23.73,-50.67,4.25E-04,0.20,4.22
729,300,0.85,16.3458,1.31E-04,23.73,-50.67,4.38E-07,0.20,4.22
730,400,0.85,12.0057,1.29E-04,23.73,-50.67,3.23E-07,0.20,4.22
731,700,0.85,-35.5636,7.42E-03,23.73,-50.67,1.06E-05,0.20,4.22
732,1000,0.85,-89.9103,2.03E-01,23.73,-50.67,2.03E-04,0.20,4.22
733,300,0.85,108.391,2.15E-01,23.73,-50.67,7.15E-04,0.134070829,1.6
734,400,0.85,142.661,4.45E-01,23.73,-50.67,1.11E-03,0.277984857,1.6
735,700,0.85,210.479,1.34E+00,23.73,-50.67,1.91E-03,0.852255776,1.57
736,300,0.85,-177.252,1.01E-01,23.73,-50.67,3.37E-04,0.0256,3.948955807
737,700,0.85,-237.912,1.68E+00,23.73,-50.67,2.40E-03,0.539,3.113096927
738,300,0.85,-250,7.79E-01,23.73,-50.67,2.60E-03,0.2697,2.887113404
739,400,0.85,-281,1.46E+00,23.73,-50.67,3.64E-03,0.537,2.712932995
740,700,0.85,-307,4.27E+00,23.73,-50.67,6.10E-03,1.45,2.946859925
741,300,0.85,-211,1.15E+00,23.73,-50.67,3.82E-03,0.414,2.766860566
742,400,0.85,-237,1.79E+00,23.73,-50.67,4.48E-03,0.678,2.645541521
743,700,0.85,-274,3.99E+00,23.73,-50.67,5.69E-03,1.3448,2.963660104
744,300,0.85,-181.756,1.13E-01,23.73,-50.67,3.77E-04,0.20,4.22
745,700,0.85,-287.251,2.69E+00,23.73,-50.67,3.84E-03,0.20,4.22
746,300,0.85,-329.724,3.88E-01,23.73,-50.67,1.29E-03,0.20,4.22
747,700,0.85,-345.217,3.55E+00,23.73,-50.67,5.08E-03,0.20,4.22
748,300,0.85,-316.151,3.55E-01,23.73,-50.67,1.18E-03,0.20,4.22
749,700,0.85,-358.019,4.41E+00,23.73,-50.67,6.31E-03,0.20,4.22
750,300,0.85,-303.567,5.59E-01,23.73,-50.67,1.86E-03,0.20,4.22
751,700,0.85,-333.898,4.13E+00,23.73,-50.67,5.90E-03,0.20,4.22
752,300,0.85,-250.711,4.04E-01,23.73,-50.67,1.35E-03,0.20,4.22
753,700,0.85,-260.931,2.83E+00,23.73,-50.67,4.04E-03,0.20,4.22
754,300,0.85,-63.5492,2.62E-02,23.73,-50.67,8.74E-05,0.003295691,7.96
755,400,0.85,-76.9741,5.22E-02,23.73,-50.67,1.30E-04,0.006089889,8.57
756,700,0.85,-122.314,2.27E-01,23.73,-50.67,3.24E-04,0.036960421,6.14
757,1000,0.85,-163.115,4.73E-01,23.73,-50.67,4.73E-04,0.185091706,2.555
758,300,0.85,-49.7,7.71E-03,23.73,-50.67,2.57E-05,0.001837111,4.195
759,400,0.85,-70.5,4.97E-02,23.73,-50.67,1.24E-04,0.013289439,3.74
760,700,0.85,-147,3.30E-01,23.73,-50.67,4.71E-04,0.104023136,3.17
761,1000,0.85,-191.6,4.41E-01,23.73,-50.67,4.41E-04,0.148325495,2.97
762,300,0.85,-32.5,1.22E-02,23.73,-50.67,4.07E-05,0.00197087,6.19
763,400,0.85,-42.2,3.70E-02,23.73,-50.67,9.24E-05,0.006910325,5.35
764,700,0.85,-96,2.84E-01,23.73,-50.67,4.06E-04,0.073446995,3.87
765,1000,0.85,-141.8,4.81E-01,23.73,-50.67,4.81E-04,0.141466893,3.397
766,300,0.85,-34.4,1.93E-02,23.73,-50.67,6.44E-05,0.003492303,5.53
767,400,0.85,-44.9,5.47E-02,23.73,-50.67,1.37E-04,0.011319708,4.83
768,700,0.85,-94.4,3.19E-01,23.73,-50.67,4.56E-04,0.092574824,3.45
769,1000,0.85,-140,4.96E-01,23.73,-50.67,4.96E-04,0.155117618,3.1968
770,300,0.85,-22.6,6.82E-03,23.73,-50.67,2.27E-05,0.001140242,5.98
771,400,0.85,-31.5,2.19E-02,23.73,-50.67,5.49E-05,0.004149068,5.29
772,700,0.85,-80.7,2.45E-01,23.73,-50.67,3.50E-04,0.06510758,3.76
773,1000,0.85,-124,4.81E-01,23.73,-50.67,4.81E-04,0.14946236,3.22
774,300,0.85,122.133,1.94E-01,23.73,-50.67,6.46E-04,0.251703686,0.77
775,400,0.85,148.361,3.30E-01,23.73,-50.67,8.24E-04,0.44564167,0.74
776,700,0.85,184.769,7.12E-01,23.73,-50.67,1.02E-03,0.962807505,0.74
777,300,0.85,126.887,2.27E-01,23.73,-50.67,7.57E-04,0.298944741,0.76
778,400,0.85,155.085,3.90E-01,23.73,-50.67,9.75E-04,0.524900307,0.743
779,700,0.85,188.372,7.85E-01,23.73,-50.67,1.12E-03,1.055896648,0.743
780,300,0.85,135.898,2.55E-01,23.73,-50.67,8.50E-04,0.325550215,0.783
781,400,0.85,160.988,4.13E-01,23.73,-50.67,1.03E-03,0.550827792,0.75
782,700,0.85,191.811,7.83E-01,23.73,-50.67,1.12E-03,1.044056216,0.75
783,300,0.85,-301,1.05E-02,23.73,-50.67,3.49E-05,0.000214908,48.7
784,400,0.85,-293.962,8.88E-03,23.73,-50.67,2.22E-05,0.000267412,33.22
785,700,0.85,-329.869,4.26E-03,23.73,-50.67,6.09E-06,0.000291113,14.65
786,1000,0.85,-436.926,6.43E-03,23.73,-50.67,6.43E-06,0.000749156,8.58
787,300,0.85,-154.022,1.27E-01,23.73,-50.67,4.22E-04,0.002844301,44.495
788,400,0.85,-190.595,2.36E-01,23.73,-50.67,5.89E-04,0.007800677,30.21
789,700,0.85,-166.107,2.12E-01,23.73,-50.67,3.03E-04,0.015658013,13.525
790,1000,0.85,-231.536,6.16E-01,23.73,-50.67,6.16E-04,0.074607606,8.25
791,300,0.85,-178.859,3.48E-01,23.73,-50.67,1.16E-03,0.00783126,44.495
792,400,0.85,-204.023,4.91E-01,23.73,-50.67,1.23E-03,0.016265504,30.21
793,700,0.85,-182.219,5.84E-01,23.73,-50.67,8.34E-04,0.043166624,13.525
794,1000,0.85,-167.118,6.11E-01,23.73,-50.67,6.11E-04,0.074061501,8.25
795,300,0.85,-137.914,4.75E-01,23.73,-50.67,1.58E-03,0.011779875,40.29
796,400,0.85,-147.654,6.77E-01,23.73,-50.67,1.69E-03,0.024887514,27.2
797,700,0.85,-171.48,1.39E+00,23.73,-50.67,1.99E-03,0.112228538,12.4
798,1000,0.85,-175,1.68E+00,23.73,-50.67,1.68E-03,0.212496077,7.92
799,300,0.85,-174.827,6.96E-01,23.73,-50.67,2.32E-03,0.02016133,34.5
800,400,0.85,-173.816,7.80E-01,23.73,-50.67,1.95E-03,0.038531371,20.25
801,700,0.85,-195.646,1.28E+00,23.73,-50.67,1.83E-03,0.089681724,14.3
802,1000,0.85,-200.026,1.42E+00,23.73,-50.67,1.42E-03,0.227868794,6.23
803,300,0.85,-39.5353,9.35E-06,23.73,-50.67,3.12E-08,1.59E-06,5.88
804,400,0.85,-47.5373,2.41E-04,23.73,-50.67,6.02E-07,5.13E-05,4.696
805,700,0.85,-99.982,1.27E-02,23.73,-50.67,1.81E-05,0.003633236,3.49
806,1000,0.85,-176.694,1.28E-01,23.73,-50.67,1.28E-04,0.041526869,3.078
807,300,0.85,-42.79,8.32E-02,23.73,-50.67,2.77E-04,0.04894993,1.7
808,300,0.85,-49.65,9.46E-02,23.73,-50.67,3.15E-04,0.062217051,1.52
809,400,0.85,-55.98,1.65E-01,23.73,-50.67,4.12E-04,0.101186968,1.63
810,400,0.85,-62.16,1.72E-01,23.73,-50.67,4.29E-04,0.120934761,1.42
811,700,0.85,-102.27,5.95E-01,23.73,-50.67,8.50E-04,0.367429842,1.62
812,700,0.85,-107.38,5.01E-01,23.73,-50.67,7.16E-04,0.385634261,1.3
813,1000,0.85,-141.98,1.18E+00,23.73,-50.67,1.18E-03,0.736780716,1.6
814,1000,0.85,-144.4,9.35E-01,23.73,-50.67,9.35E-04,0.742094099,1.26
815,300,0.85,105.3,4.30E-01,23.73,-50.67,1.43E-03,0.20,4.22
816,300,0.85,154.2,8.39E-01,23.73,-50.67,2.80E-03,0.559473882,1.5
817,300,0.85,-50,1.13E-01,23.73,-50.67,3.78E-04,0.05839848,1.94
818,400,0.85,-75,2.84E-01,23.73,-50.67,7.11E-04,0.15891065,1.79
819,700,0.85,-150,1.11E+00,23.73,-50.67,1.59E-03,0.711999566,1.56
820,1000,0.85,-200,2.00E+00,23.73,-50.67,2.00E-03,1.401404207,1.43
821,300,0.85,256,3.06E-01,23.73,-50.67,1.02E-03,0.636679814,0.481
822,400,0.85,337.9,4.09E-01,23.73,-50.67,1.02E-03,0.999677445,0.409
823,300,0.85,-41.3,1.58E-01,23.73,-50.67,5.26E-04,0.053719136,2.94
824,400,0.85,-54.85,2.41E-01,23.73,-50.67,6.03E-04,0.100068103,2.41
825,700,0.85,-89.12,5.86E-01,23.73,-50.67,8.38E-04,0.277944192,2.11
826,300,0.85,-50.8,1.68E-01,23.73,-50.67,5.61E-04,0.058035382,2.9
827,400,0.85,-70.8,2.75E-01,23.73,-50.67,6.89E-04,0.109728996,2.51
828,700,0.85,-128.9,5.35E-01,23.73,-50.67,7.64E-04,0.274353006,1.95
829,300,0.85,-64.8,2.64E-01,23.73,-50.67,8.78E-04,0.099074464,2.66
830,400,0.85,-88.8,3.71E-01,23.73,-50.67,9.28E-04,0.182797798,2.03
831,700,0.85,-140.8,6.38E-01,23.73,-50.67,9.12E-04,0.377708802,1.69
832,300,0.85,-102,9.46E-02,23.73,-50.67,3.15E-04,0.05085044,1.86
833,400,0.85,-118.1,1.63E-01,23.73,-50.67,4.08E-04,0.101322945,1.61
834,700,0.85,-98.25,2.35E-01,23.73,-50.67,3.36E-04,0.096098183,2.45
835,300,0.85,106.2,1.45E-01,23.73,-50.67,4.82E-04,0.081692308,1.77
836,400,0.85,126.5,2.53E-01,23.73,-50.67,6.33E-04,0.15617284,1.62
837,700,0.85,136.48,4.74E-01,23.73,-50.67,6.77E-04,0.19673713,2.41
838,300,0.85,46.24,1.04E-01,23.73,-50.67,3.47E-04,0.047688674,2.18
839,400,0.85,56.99,1.85E-01,23.73,-50.67,4.63E-04,0.079426289,2.33
840,700,0.85,76.87,5.24E-01,23.73,-50.67,7.49E-04,0.177710375,2.95
841,300,0.85,-25,1.14E-04,23.73,-50.67,3.79E-07,8.74E-05,1.3
842,300,0.85,220,6.91E-03,23.73,-50.67,2.30E-05,0.20,4.22
843,300,0.85,-160,5.30E-08,23.73,-50.67,1.77E-10,6.76E-08,0.783
844,300,0.85,345,2.75E-05,23.73,-50.67,9.16E-08,7.29E-05,0.377
845,300,0.85,-151,4.73E-01,23.73,-50.67,1.58E-03,0.055522276,8.52
846,400,0.85,-164.4,6.34E-01,23.73,-50.67,1.58E-03,0.111175665,5.7
847,700,0.85,-231,1.18E+00,23.73,-50.67,1.68E-03,0.322249944,3.66
848,300,0.85,-107,4.19E-01,23.73,-50.67,1.40E-03,0.059161844,7.08
849,400,0.85,-149,9.85E-01,23.73,-50.67,2.46E-03,0.194186052,5.07
850,700,0.85,-217,2.09E+00,23.73,-50.67,2.99E-03,0.636122931,3.29
851,300,0.85,-76.6,3.61E-01,23.73,-50.67,1.20E-03,0.058556925,6.16
852,400,0.85,-101,7.54E-01,23.73,-50.67,1.89E-03,0.15845229,4.76
853,700,0.85,-153,1.76E+00,23.73,-50.67,2.52E-03,0.499678292,3.53
854,300,0.85,-67.7,3.73E-01,23.73,-50.67,1.24E-03,0.056889344,6.55
855,400,0.85,-83.5,7.04E-01,23.73,-50.67,1.76E-03,0.130178868,5.41
856,700,0.85,-121.2,1.66E+00,23.73,-50.67,2.37E-03,0.385970744,4.29
857,300,0.85,-61,3.38E-01,23.73,-50.67,1.13E-03,0.051644691,6.55
858,400,0.85,-78.6,7.10E-01,23.73,-50.67,1.78E-03,0.125019427,5.68
859,700,0.85,-125,1.92E+00,23.73,-50.67,2.75E-03,0.436870906,4.4
860,300,0.85,-82.9,1.36E-01,23.73,-50.67,4.52E-04,0.019023797,7.13
861,400,0.85,-110.3,4.02E-01,23.73,-50.67,1.01E-03,0.07143602,5.63
862,700,0.85,-174.9,1.72E+00,23.73,-50.67,2.45E-03,0.476989374,3.6
863,1000,0.85,-212.3,2.43E+00,23.73,-50.67,2.43E-03,0.88258266,2.75
864,300,0.85,-83,1.38E-01,23.73,-50.67,4.59E-04,0.046234899,2.98
865,400,0.85,-117.5,4.35E-01,23.73,-50.67,1.09E-03,0.165970427,2.62
866,700,0.85,-176.2,1.59E+00,23.73,-50.67,2.27E-03,0.817687862,1.94
867,1000,0.85,-187.7,1.60E+00,23.73,-50.67,1.60E-03,0.925677614,1.73
868,300,0.85,26,1.64E-05,23.73,-50.67,5.45E-08,2.09E-06,7.83
869,400,0.85,178,3.07E-03,23.73,-50.67,7.67E-06,0.000506381,6.06
870,700,0.85,149,3.91E-02,23.73,-50.67,5.59E-05,0.010666305,3.67
871,1000,0.85,192,5.59E-01,23.73,-50.67,5.59E-04,0.176754891,3.16
872,300,0.85,30.42,5.41E-04,23.73,-50.67,1.80E-06,0.000131668,4.11
873,400,0.85,157.9,3.51E-02,23.73,-50.67,8.78E-05,0.011364424,3.09
874,700,0.85,318.8,4.77E-01,23.73,-50.67,6.82E-04,0.185786979,2.57
875,1000,0.85,224,9.22E-01,23.73,-50.67,9.22E-04,0.265043949,3.48
876,300,0.85,388,1.78E-02,23.73,-50.67,5.92E-05,0.088764151,0.2
877,400,0.85,327,5.14E-02,23.73,-50.67,1.29E-04,0.244800824,0.21
878,700,0.85,311,2.56E-01,23.73,-50.67,3.66E-04,1.282285985,0.2
879,300,0.85,219,3.43E-01,23.73,-50.67,1.14E-03,0.067304238,5.09
880,300,0.85,285,1.05E-01,23.73,-50.67,3.51E-04,0.011610217,9.07
881,300,0.85,163,1.84E-01,23.73,-50.67,6.14E-04,0.027271234,6.75
882,300,0.85,145,1.97E-01,23.73,-50.67,6.55E-04,0.20,4.22
883,300,0.85,-320,2.38E-01,23.73,-50.67,7.94E-04,0.293999426,0.81
884,300,0.85,-154,2.72E-01,23.73,-50.67,9.05E-04,0.223320108,1.216
885,300,0.85,-128,2.53E-01,23.73,-50.67,8.45E-04,0.239019646,1.06
886,300,0.85,149,2.36E-01,23.73,-50.67,7.88E-04,0.118216187,2
887,400,0.85,185,4.49E-01,23.73,-50.67,1.12E-03,0.224499836,2
888,700,0.85,288,1.25E+00,23.73,-50.67,1.79E-03,0.627006479,2
889,1000,0.85,289,1.34E+00,23.73,-50.67,1.34E-03,0.668168,2
890,300,0.85,-78.9,2.41E-02,23.73,-50.67,8.02E-05,0.01603609,1.5
891,400,0.85,-112.9,7.14E-02,23.73,-50.67,1.78E-04,0.05098462,1.4
892,700,0.85,-219,4.53E-01,23.73,-50.67,6.47E-04,0.411440231,1.1
893,1000,0.85,-266,9.63E-01,23.73,-50.67,9.63E-04,0.962666667,1
894,300,0.85,-188.6,9.61E-02,23.73,-50.67,3.20E-04,0.20,4.22
895,400,0.85,-233,1.89E-01,23.73,-50.67,4.72E-04,0.20,4.22
896,700,0.85,-138,1.92E-01,23.73,-50.67,2.74E-04,0.20,4.22
897,300,0.85,-71.9,1.97E-01,23.73,-50.67,6.58E-04,0.20,4.22
898,400,0.85,-94.9,3.94E-01,23.73,-50.67,9.85E-04,0.20,4.22
899,700,0.85,-139,9.59E-01,23.73,-50.67,1.37E-03,0.20,4.22
900,300,0.85,-62,1.72E-01,23.73,-50.67,5.75E-04,0.20,4.22
901,400,0.85,-100.8,4.84E-01,23.73,-50.67,1.21E-03,0.20,4.22
902,700,0.85,-186,1.72E+00,23.73,-50.67,2.45E-03,0.20,4.22
903,300,0.85,-49.3,5.98E-02,23.73,-50.67,1.99E-04,0.20,4.22
904,400,0.85,-62.8,1.19E-01,23.73,-50.67,2.97E-04,0.20,4.22
905,700,0.85,-111,4.61E-01,23.73,-50.67,6.59E-04,0.20,4.22
906,300,0.85,-89,1.46E-01,23.73,-50.67,4.88E-04,0.032536455,4.5
907,400,0.85,-189,7.23E-01,23.73,-50.67,1.81E-03,0.180774291,4
908,700,0.85,-267,1.31E+00,23.73,-50.67,1.88E-03,0.403854651,3.25
909,300,0.85,-74.8,1.62E-01,23.73,-50.67,5.40E-04,0.028903981,5.6
910,400,0.85,-94.8,3.13E-01,23.73,-50.67,7.81E-04,0.063794428,4.9
911,700,0.85,-153,6.42E-01,23.73,-50.67,9.17E-04,0.168840415,3.8
912,300,0.85,-61,5.27E-02,23.73,-50.67,1.76E-04,0.010140438,5.2
913,400,0.85,-74,1.02E-01,23.73,-50.67,2.56E-04,0.021767518,4.7
914,700,0.85,-130,4.30E-01,23.73,-50.67,6.14E-04,0.113164591,3.8
915,300,0.85,-178,7.80E-01,23.73,-50.67,2.60E-03,0.107640564,7.25
916,400,0.85,-205,9.72E-01,23.73,-50.67,2.43E-03,0.157996146,6.15
917,700,0.85,-282.6,1.36E+00,23.73,-50.67,1.94E-03,0.444343225,3.05
918,300,0.85,90,2.43E-01,23.73,-50.67,8.10E-04,0.250515464,0.97
919,400,0.85,107,2.84E-01,23.73,-50.67,7.11E-04,0.273506928,1.04
920,700,0.85,201,6.73E-01,23.73,-50.67,9.62E-04,0.735901639,0.915
921,1000,0.85,297,1.13E+00,23.73,-50.67,1.13E-03,1.517965927,0.745
922,300,0.85,62.4,1.93E-01,23.73,-50.67,6.44E-04,0.154463207,1.25
923,400,0.85,64.2,2.29E-01,23.73,-50.67,5.73E-04,0.132542468,1.73
924,700,0.85,129,7.71E-01,23.73,-50.67,1.10E-03,0.532025577,1.45
925,1000,0.85,201.5,1.25E+00,23.73,-50.67,1.25E-03,1.230837438,1.015
926,300,0.85,125.5,2.40E-01,23.73,-50.67,7.99E-04,0.068299098,3.51
927,400,0.85,152,4.25E-01,23.73,-50.67,1.06E-03,0.123544724,3.444
928,700,0.85,197,1.17E+00,23.73,-50.67,1.68E-03,0.372858721,3.15
929,1000,0.85,245,2.64E+00,23.73,-50.67,2.64E-03,0.931656243,2.837
930,300,0.85,117,3.85E-02,23.73,-50.67,1.28E-04,0.019244142,2
931,400,0.85,121,5.22E-02,23.73,-50.67,1.30E-04,0.02747162,1.9
932,700,0.85,147,1.53E-01,23.73,-50.67,2.18E-04,0.084875265,1.8
933,1000,0.85,177,3.49E-01,23.73,-50.67,3.49E-04,0.19962406,1.75
934,300,0.85,117,5.05E-02,23.73,-50.67,1.68E-04,0.025256458,2
935,400,0.85,125.6,1.19E-01,23.73,-50.67,2.98E-04,0.06273382,1.9
936,700,0.85,153.6,2.06E-01,23.73,-50.67,2.95E-04,0.103141844,2
937,1000,0.85,184,4.65E-01,23.73,-50.67,4.65E-04,0.226762625,2.05
938,300,0.85,135.4,5.31E-02,23.73,-50.67,1.77E-04,0.026569797,2
939,400,0.85,140.8,7.81E-02,23.73,-50.67,1.95E-04,0.041095002,1.9
940,700,0.85,169,2.20E-01,23.73,-50.67,3.14E-04,0.10991039,2
941,1000,0.85,196.8,4.95E-01,23.73,-50.67,4.95E-04,0.241256545,2.05
942,300,0.85,132,5.59E-02,23.73,-50.67,1.86E-04,0.027932029,2
943,400,0.85,144.6,9.07E-02,23.73,-50.67,2.27E-04,0.047717381,1.9
944,700,0.85,173,2.46E-01,23.73,-50.67,3.52E-04,0.136881754,1.8
945,1000,0.85,205,5.51E-01,23.73,-50.67,5.51E-04,0.315065412,1.75
946,300,0.85,-92.5,2.92E-01,23.73,-50.67,9.75E-04,0.041764969,7
947,400,0.85,-119.5,4.54E-01,23.73,-50.67,1.13E-03,0.075616892,6
948,700,0.85,-185.3,6.99E-01,23.73,-50.67,9.98E-04,0.139739901,5
949,1000,0.85,-228,7.86E-01,23.73,-50.67,7.86E-04,0.174659813,4.5
950,300,0.85,-82.2,4.11E-01,23.73,-50.67,1.37E-03,0.10088053,4.07
951,400,0.85,-101.4,5.39E-01,23.73,-50.67,1.35E-03,0.160340956,3.36
952,700,0.85,-163,6.81E-01,23.73,-50.67,9.73E-04,0.356678749,1.91
953,300,0.85,294.8,4.44E-03,23.73,-50.67,1.48E-05,0.20,4.22
954,400,0.85,275.3,1.38E-02,23.73,-50.67,3.46E-05,0.20,4.22
955,700,0.85,292.4,5.85E-02,23.73,-50.67,8.36E-05,0.20,4.22
956,1000,0.85,317,9.43E-02,23.73,-50.67,9.43E-05,0.20,4.22
957,300,0.85,261,1.56E-02,23.73,-50.67,5.18E-05,0.20,4.22
958,400,0.85,259,4.09E-02,23.73,-50.67,1.02E-04,0.20,4.22
959,700,0.85,283,1.22E-01,23.73,-50.67,1.75E-04,0.20,4.22
960,1000,0.85,315,2.03E-01,23.73,-50.67,2.03E-04,0.20,4.22
961,300,0.85,174.4,8.30E-02,23.73,-50.67,2.77E-04,0.20,4.22
962,400,0.85,187.8,1.26E-01,23.73,-50.67,3.15E-04,0.20,4.22
963,700,0.85,232,2.75E-01,23.73,-50.67,3.93E-04,0.20,4.22
964,1000,0.85,271,4.29E-01,23.73,-50.67,4.29E-04,0.20,4.22
965,300,0.85,99.7,1.82E-01,23.73,-50.67,6.06E-04,0.20,4.22
966,400,0.85,115,2.70E-01,23.73,-50.67,6.75E-04,0.20,4.22
967,700,0.85,144.9,4.92E-01,23.73,-50.67,7.02E-04,0.20,4.22
968,1000,0.85,168.2,6.93E-01,23.73,-50.67,6.93E-04,0.20,4.22
969,300,0.85,165,6.81E-04,23.73,-50.67,2.27E-06,0.000469788,1.45
970,400,0.85,315.9,7.43E-03,23.73,-50.67,1.86E-05,0.006750055,1.1
971,700,0.85,411.8,4.78E-02,23.73,-50.67,6.82E-05,0.064093403,0.745
972,1000,0.85,265.4,6.25E-02,23.73,-50.67,6.25E-05,0.090317483,0.692
973,300,0.85,90,2.48E-03,23.73,-50.67,8.26E-06,0.001483272,1.67
974,400,0.85,164.8,2.36E-02,23.73,-50.67,5.89E-05,0.019004296,1.24
975,700,0.85,248,2.50E-01,23.73,-50.67,3.58E-04,0.297984496,0.84
976,1000,0.85,287.5,4.81E-01,23.73,-50.67,4.81E-04,0.717253124,0.67
977,300,0.85,81.5,3.38E-03,23.73,-50.67,1.13E-05,0.002050394,1.65
978,400,0.85,150,2.67E-02,23.73,-50.67,6.68E-05,0.021028529,1.27
979,700,0.85,233,2.75E-01,23.73,-50.67,3.93E-04,0.320208123,0.86
980,1000,0.85,262,5.12E-01,23.73,-50.67,5.12E-04,0.73390925,0.698
981,300,0.85,112.6,1.38E-02,23.73,-50.67,4.61E-05,0.008698978,1.59
982,400,0.85,152,4.94E-02,23.73,-50.67,1.24E-04,0.039855097,1.24
983,700,0.85,215,2.65E-01,23.73,-50.67,3.79E-04,0.315744536,0.84
984,1000,0.85,243,4.72E-01,23.73,-50.67,4.72E-04,0.694694118,0.68
985,300,0.85,-191,2.30E-02,23.73,-50.67,7.68E-05,0.00404932,5.69
986,400,0.85,-183,5.15E-02,23.73,-50.67,1.29E-04,0.009648228,5.34
987,700,0.85,-180.6,1.86E-01,23.73,-50.67,2.65E-04,0.037881951,4.9
988,1000,0.85,-87.3,1.26E-01,23.73,-50.67,1.26E-04,0.025093971,5.02
989,300,0.85,-318,2.38E-02,23.73,-50.67,7.93E-05,0.005183852,4.59
990,400,0.85,-327,7.60E-02,23.73,-50.67,1.90E-04,0.018574785,4.09
991,700,0.85,-287,2.40E-01,23.73,-50.67,3.43E-04,0.060820992,3.95
992,1000,0.85,-100.8,8.33E-02,23.73,-50.67,8.33E-05,0.019782407,4.21
993,300,0.85,-226,5.68E-03,23.73,-50.67,1.89E-05,0.001984305,2.86
994,400,0.85,-227,1.38E-02,23.73,-50.67,3.45E-05,0.005222357,2.64
995,700,0.85,-222,6.66E-02,23.73,-50.67,9.51E-05,0.0225,2.96
996,1000,0.85,-68,2.16E-02,23.73,-50.67,2.16E-05,0.006710396,3.22
997,300,0.85,470,1.45E-02,23.73,-50.67,4.83E-05,0.009414235,1.54
998,400,0.85,463,2.10E-02,23.73,-50.67,5.24E-05,0.017044865,1.23
999,700,0.85,390,4.53E-02,23.73,-50.67,6.48E-05,0.059326794,0.764
1000,300,0.85,193,3.37E-02,23.73,-50.67,1.12E-04,0.022589755,1.49
1001,400,0.85,219.9,8.64E-02,23.73,-50.67,2.16E-04,0.071958348,1.2
1002,700,0.85,261.7,2.65E-01,23.73,-50.67,3.78E-04,0.317966897,0.833
1003,300,0.85,142.7,1.21E-01,23.73,-50.67,4.02E-04,0.083262737,1.45
1004,400,0.85,161,1.91E-01,23.73,-50.67,4.76E-04,0.164306542,1.16
1005,700,0.85,200.8,3.85E-01,23.73,-50.67,5.50E-04,0.469577879,0.82
1006,1000,0.85,207,4.56E-01,23.73,-50.67,4.56E-04,0.649112203,0.703
1007,300,0.85,-413.39,5.77E-03,23.73,-50.67,1.92E-05,0.20,4.22
1008,400,0.85,-402.83,1.32E-02,23.73,-50.67,3.30E-05,0.20,4.22
1009,700,0.85,-370.39,5.34E-02,23.73,-50.67,7.63E-05,0.20,4.22
1010,1000,0.85,-371.87,1.00E-01,23.73,-50.67,1.00E-04,0.20,4.22
1011,300,0.85,-366.46,1.07E-02,23.73,-50.67,3.57E-05,0.001368757,7.82
1012,400,0.85,-343.86,2.21E-02,23.73,-50.67,5.53E-05,0.003218108,6.87
1013,700,0.85,-322.97,7.75E-02,23.73,-50.67,1.11E-04,0.016487796,4.7
1014,1000,0.85,-328.38,1.50E-01,23.73,-50.67,1.50E-04,0.04224856,3.54
1015,300,0.85,-335.01,8.18E-03,23.73,-50.67,2.73E-05,0.00128041,6.39
1016,400,0.85,-308.72,1.85E-02,23.73,-50.67,4.63E-05,0.00312239,5.93
1017,700,0.85,-292.02,7.87E-02,23.73,-50.67,1.12E-04,0.018127751,4.34
1018,1000,0.85,-294.72,1.51E-01,23.73,-50.67,1.51E-04,0.045042023,3.35
1019,300,0.85,-427.64,5.49E-03,23.73,-50.67,1.83E-05,0.20,4.22
1020,400,0.85,-413.39,1.33E-02,23.73,-50.67,3.32E-05,0.20,4.22
1021,700,0.85,-373.83,4.59E-02,23.73,-50.67,6.56E-05,0.20,4.22
1022,1000,0.85,-374.57,8.64E-02,23.73,-50.67,8.64E-05,0.20,4.22
1023,300,0.85,-364.5,8.53E-03,23.73,-50.67,2.84E-05,0.001246546,6.84
1024,400,0.85,-335.5,1.71E-02,23.73,-50.67,4.27E-05,0.002770165,6.17
1025,700,0.85,-317.81,6.58E-02,23.73,-50.67,9.40E-05,0.015587038,4.22
1026,1000,0.85,-323.46,1.20E-01,23.73,-50.67,1.20E-04,0.038917217,3.08
1027,300,0.85,-26.52,3.59E-02,23.73,-50.67,1.20E-04,0.015529759,2.31
1028,400,0.85,-33.75,6.90E-02,23.73,-50.67,1.72E-04,0.029608249,2.33
1029,700,0.85,-53.15,2.25E-01,23.73,-50.67,3.22E-04,0.091565242,2.46
1030,1000,0.85,-79.05,5.59E-01,23.73,-50.67,5.59E-04,0.217595686,2.57
1031,300,0.85,-752.2,5.82E-03,23.73,-50.67,1.94E-05,0.00019646,29.6
1032,400,0.85,-618.43,7.08E-03,23.73,-50.67,1.77E-05,0.000516571,13.7
1033,700,0.85,-99.7,2.85E-02,23.73,-50.67,4.08E-05,0.006813229,4.19
1034,1000,0.85,26.27,4.35E-02,23.73,-50.67,4.35E-05,0.011049908,3.94
1035,300,0.85,-249.39,3.14E-02,23.73,-50.67,1.05E-04,0.003200812,9.811
1036,400,0.85,-182.68,3.49E-02,23.73,-50.67,8.72E-05,0.00434609,8.03
1037,700,0.85,-98.5,3.14E-02,23.73,-50.67,4.49E-05,0.005984998,5.25
1038,1000,0.85,-82.67,2.98E-02,23.73,-50.67,2.98E-05,0.007630344,3.902
1039,300,0.85,-343.22,1.86E-02,23.73,-50.67,6.21E-05,0.001088945,17.1
1040,400,0.85,-294.38,2.47E-02,23.73,-50.67,6.17E-05,0.002221923,11.1
1041,700,0.85,-175.63,2.83E-02,23.73,-50.67,4.04E-05,0.005420334,5.22
1042,1000,0.85,-63.68,1.09E-02,23.73,-50.67,1.09E-05,0.003009932,3.63
1043,300,0.85,-45,1.15E-01,23.73,-50.67,3.82E-04,0.047719668,2.402
1044,400,0.85,-46.6,1.47E-01,23.73,-50.67,3.69E-04,0.057160606,2.58
1045,700,0.85,-67.6,3.99E-01,23.73,-50.67,5.70E-04,0.146638551,2.72
1046,1000,0.85,-87.8,7.48E-01,23.73,-50.67,7.48E-04,0.281365063,2.66
1047,300,0.85,-53,7.66E-02,23.73,-50.67,2.55E-04,0.037370288,2.05
1048,400,0.85,-58,9.82E-02,23.73,-50.67,2.46E-04,0.047679116,2.06
1049,700,0.85,-87.2,2.85E-01,23.73,-50.67,4.07E-04,0.143755415,1.98
1050,1000,0.85,-117.3,6.12E-01,23.73,-50.67,6.12E-04,0.330553514,1.85
1051,300,0.85,-91,1.38E-02,23.73,-50.67,4.60E-05,0.009388889,1.47
1052,400,0.85,-89.9,2.39E-01,23.73,-50.67,5.99E-04,0.176078649,1.36
1053,700,0.85,-159.3,2.46E-01,23.73,-50.67,3.52E-04,0.210575803,1.17
1054,1000,0.85,-221.2,7.12E-01,23.73,-50.67,7.12E-04,0.721599719,0.987
1055,300,0.85,-71,2.13E-02,23.73,-50.67,7.10E-05,0.010828673,1.967
1056,400,0.85,-69.5,3.61E-02,23.73,-50.67,9.03E-05,0.019734436,1.83
1057,700,0.85,-130.6,2.73E-01,23.73,-50.67,3.90E-04,0.175137182,1.56
1058,1000,0.85,-185.2,6.51E-01,23.73,-50.67,6.51E-04,0.475062535,1.37
1059,300,0.85,-40.87,8.21E-02,23.73,-50.67,2.74E-04,0.03339378,2.46
1060,400,0.85,-41.6,1.13E-01,23.73,-50.67,2.84E-04,0.043562128,2.605
1061,700,0.85,-57.6,2.90E-01,23.73,-50.67,4.14E-04,0.101964806,2.84
1062,1000,0.85,-74.7,5.73E-01,23.73,-50.67,5.73E-04,0.199618299,2.87
1063,300,0.85,-41,1.87E-02,23.73,-50.67,6.23E-05,0.015062724,1.24
1064,400,0.85,-89,1.18E-01,23.73,-50.67,2.96E-04,0.101046052,1.17
1065,700,0.85,-159,4.16E-01,23.73,-50.67,5.95E-04,0.416392941,1
1066,1000,0.85,-215,7.23E-01,23.73,-50.67,7.23E-04,0.810073831,0.893
1067,300,0.85,-210,4.46E-03,23.73,-50.67,1.49E-05,0.001603781,2.78
1068,400,0.85,-220,9.95E-03,23.73,-50.67,2.49E-05,0.003703402,2.687
1069,700,0.85,-268,7.70E-02,23.73,-50.67,1.10E-04,0.033716067,2.283
1070,1000,0.85,-316,8.14E-01,23.73,-50.67,8.14E-04,0.426280342,1.9089
1071,300,0.85,-92.4,9.06E-02,23.73,-50.67,3.02E-04,0.054370144,1.667
1072,300,0.85,-186,9.88E-03,23.73,-50.67,3.29E-05,0.005928401,1.667
1073,400,0.85,-194,1.03E-01,23.73,-50.67,2.58E-04,0.050985445,2.0205
1074,700,0.85,-201,2.02E+00,23.73,-50.67,2.89E-03,0.930169913,2.1717
1075,300,0.85,-220,2.35E-02,23.73,-50.67,7.82E-05,0.014075777,1.667
1076,400,0.85,-220,1.19E-01,23.73,-50.67,2.98E-04,0.059052551,2.0205
1077,700,0.85,-216,4.08E-01,23.73,-50.67,5.83E-04,0.187981765,2.1717
1078,300,0.85,-19,9.50E-03,23.73,-50.67,3.17E-05,0.003877551,2.45
1079,300,0.85,-107,6.87E-02,23.73,-50.67,2.29E-04,0.038163333,1.8
1080,300,0.85,120.75,3.71E-01,23.73,-50.67,1.24E-03,0.151567098,2.44922
1081,400,0.85,138.43,5.93E-01,23.73,-50.67,1.48E-03,0.235493287,2.51953
1082,700,0.85,191.49,1.44E+00,23.73,-50.67,2.05E-03,0.55966257,2.56641
1083,1000,0.85,231.64,2.16E+00,23.73,-50.67,2.16E-03,0.845526008,2.55469
